time;name;upvotes;downvotes;upvote_ratio;score
2022-05-17 23:26:35.380299;t3_urws1i;3;0;1.0;3
2022-05-17 23:26:35.380299;t3_urwogp;8;0;1.0;8
2022-05-17 23:26:35.380299;t3_urwmgr;0;0;0.33;0
2022-05-17 23:26:35.380299;t3_urwmdl;5;0;0.86;5
2022-05-17 23:26:35.380299;t3_urwj0v;21;0;0.96;21
2022-05-17 23:26:35.380299;t3_urwiwj;5;0;0.86;5
2022-05-17 23:26:35.380299;t3_urwh6h;7;0;1.0;7
2022-05-17 23:26:35.380299;t3_urwe3k;6;0;0.88;6
2022-05-17 23:26:35.380299;t3_urwbtj;21;0;0.89;21
2022-05-17 23:26:35.380299;t3_urw8jz;6;0;0.71;6
2022-05-17 23:26:35.380299;t3_urw7p5;9;0;0.8;9
2022-05-17 23:26:35.380299;t3_urw7kt;28;0;0.89;28
2022-05-17 23:26:35.380299;t3_urw5uu;13;0;0.93;13
2022-05-17 23:26:35.380299;t3_urw4ow;42;0;0.94;42
2022-05-17 23:26:35.380299;t3_urw2pw;15;0;1.0;15
2022-05-17 23:26:35.380299;t3_urw09b;14;0;0.89;14
2022-05-17 23:26:35.380299;t3_urvtth;15;0;0.94;15
2022-05-17 23:26:35.380299;t3_urvtad;7;0;0.68;7
2022-05-17 23:26:35.380299;t3_urvsys;49;0;0.94;49
2022-05-17 23:26:35.380299;t3_urvhfk;12;0;0.67;12
2022-05-17 23:26:35.380299;t3_urvem2;16;0;1.0;16
2022-05-17 23:26:35.380299;t3_urve4r;31;0;1.0;31
2022-05-17 23:26:35.380299;t3_urvd6e;16;0;0.83;16
2022-05-17 23:26:35.380299;t3_urvb7l;8;0;0.72;8
2022-05-17 23:26:35.380299;t3_urv8uw;69;0;0.99;69
2022-05-17 23:26:35.380299;t3_urv3jo;26;0;1.0;26
2022-05-17 23:26:35.380299;t3_uruurc;34;0;0.89;34
2022-05-17 23:26:35.380299;t3_urut33;30;0;0.87;30
2022-05-17 23:26:35.380299;t3_uruqyp;17;0;0.85;17
2022-05-17 23:26:35.380299;t3_uruq6q;19;0;0.92;19
2022-05-17 23:26:35.380299;t3_urump2;8;0;0.71;8
2022-05-17 23:26:35.380299;t3_urulgk;25;0;0.94;25
2022-05-17 23:26:35.380299;t3_urujpi;153;0;0.98;153
2022-05-17 23:26:35.380299;t3_uruj2m;54;0;0.97;54
2022-05-17 23:26:35.380299;t3_uruhdi;21;0;0.89;21
2022-05-17 23:26:35.380299;t3_urug1a;5;0;0.73;5
2022-05-17 23:26:35.380299;t3_urueag;11;0;0.83;11
2022-05-17 23:26:35.380299;t3_uru3qf;59;0;0.84;59
2022-05-17 23:26:35.380299;t3_urtzrz;14;0;0.95;14
2022-05-17 23:26:35.380299;t3_urtymu;28;0;0.82;28
2022-05-17 23:26:35.380299;t3_urtuff;19;0;0.79;19
2022-05-17 23:26:35.380299;t3_urtteo;42;0;0.94;42
2022-05-17 23:26:35.380299;t3_urtry3;38;0;0.93;38
2022-05-17 23:26:35.380299;t3_urtrbx;8;0;0.7;8
2022-05-17 23:26:35.380299;t3_urtqo5;16;0;0.87;16
2022-05-17 23:26:35.380299;t3_urtm3i;95;0;0.97;95
2022-05-17 23:26:35.380299;t3_urtjgt;17;0;0.84;17
2022-05-17 23:26:35.380299;t3_urtgnj;9;0;0.77;9
2022-05-17 23:26:35.380299;t3_urtejm;102;0;0.95;102
2022-05-17 23:26:35.380299;t3_urt990;14;0;0.95;14
2022-05-17 23:26:35.380299;t3_urt8mm;18;0;0.85;18
2022-05-17 23:26:35.380299;t3_urt7ww;47;0;0.93;47
2022-05-17 23:26:35.380299;t3_urt59z;77;0;0.96;77
2022-05-17 23:26:35.380299;t3_urt4cu;17;0;0.85;17
2022-05-17 23:26:35.380299;t3_urt2o6;10;0;0.68;10
2022-05-17 23:26:35.380299;t3_ursz3i;73;0;0.92;73
2022-05-17 23:26:35.380299;t3_ursx7l;14;0;0.8;14
2022-05-17 23:26:35.380299;t3_urswjm;10;0;0.71;10
2022-05-17 23:26:35.380299;t3_ursuic;41;0;0.95;41
2022-05-17 23:26:35.380299;t3_urssjv;359;0;0.91;359
2022-05-17 23:26:35.380299;t3_urspug;0;0;0.42;0
2022-05-17 23:26:35.380299;t3_ursppc;13;0;0.77;13
2022-05-17 23:26:35.380299;t3_ursk83;11;0;0.88;11
2022-05-17 23:26:35.380299;t3_ursjgy;8;0;0.56;8
2022-05-17 23:26:35.380299;t3_urse7z;86;0;0.84;86
2022-05-17 23:26:35.380299;t3_ursaru;468;0;0.94;468
2022-05-17 23:26:35.380299;t3_urs7df;18;0;0.79;18
2022-05-17 23:26:35.380299;t3_urs5r5;29;0;0.93;29
2022-05-17 23:26:35.380299;t3_urs4bj;29;0;0.95;29
2022-05-17 23:26:35.380299;t3_urruiv;25;0;0.86;25
2022-05-17 23:26:35.380299;t3_urrt1u;1;0;0.53;1
2022-05-17 23:26:35.380299;t3_urro0d;18;0;0.76;18
2022-05-17 23:26:35.380299;t3_urrg3i;133;0;0.92;133
2022-05-17 23:26:35.380299;t3_urrby4;46;0;0.83;46
2022-05-17 23:26:35.380299;t3_urr59b;111;0;0.98;111
2022-05-17 23:26:35.380299;t3_urr0b2;16;0;1.0;16
2022-05-17 23:26:35.380299;t3_urqydz;20;0;0.8;20
2022-05-17 23:26:35.380299;t3_urqvr7;47;0;0.84;47
2022-05-17 23:26:35.380299;t3_urqq24;29;0;0.91;29
2022-05-17 23:26:35.380299;t3_urqok7;40;0;0.9;40
2022-05-17 23:26:35.380299;t3_urqn3m;62;0;0.93;62
2022-05-17 23:26:35.380299;t3_urql62;56;0;0.97;56
2022-05-17 23:26:35.380299;t3_urqi3m;810;0;0.97;810
2022-05-17 23:26:35.380299;t3_urqg9e;8;0;0.68;8
2022-05-17 23:26:35.380299;t3_urqg6a;12;0;0.81;12
2022-05-17 23:26:35.380299;t3_urqdl1;18;0;0.85;18
2022-05-17 23:26:35.380299;t3_urqcxg;17;0;0.84;17
2022-05-17 23:26:35.380299;t3_urq87p;117;0;0.93;117
2022-05-17 23:26:35.380299;t3_urq7i8;15;0;0.77;15
2022-05-17 23:26:35.380299;t3_urq4up;29;0;0.95;29
2022-05-17 23:26:35.380299;t3_urq4u3;48;0;0.93;48
2022-05-17 23:26:35.380299;t3_urpzyt;25;0;0.87;25
2022-05-17 23:26:35.380299;t3_urpy4m;24;0;0.87;24
2022-05-17 23:26:35.380299;t3_urpw0g;528;0;0.95;528
2022-05-17 23:26:35.380299;t3_urpuoq;31;0;0.91;31
2022-05-17 23:26:35.380299;t3_urpp2o;47;0;0.92;47
2022-05-17 23:26:35.380299;t3_urploq;95;0;0.95;95
2022-05-17 23:26:35.380299;t3_urpkwu;234;0;0.85;234
2022-05-17 23:26:35.380299;t3_urpjus;64;0;0.95;64
2022-05-17 23:26:35.380299;t3_urpg6k;20;0;1.0;20
2022-05-17 23:27:13.351414;t3_urws1i;4;0;1.0;4
2022-05-17 23:27:13.351414;t3_urwogp;10;0;1.0;10
2022-05-17 23:27:13.351414;t3_urwmgr;0;0;0.33;0
2022-05-17 23:27:13.351414;t3_urwmdl;5;0;0.86;5
2022-05-17 23:27:13.351414;t3_urwj0v;24;0;0.96;24
2022-05-17 23:27:13.351414;t3_urwiwj;5;0;0.86;5
2022-05-17 23:27:13.351414;t3_urwh6h;7;0;1.0;7
2022-05-17 23:27:13.351414;t3_urwe3k;6;0;0.88;6
2022-05-17 23:27:13.351414;t3_urwbtj;21;0;0.89;21
2022-05-17 23:27:13.351414;t3_urw8jz;6;0;0.71;6
2022-05-17 23:27:13.351414;t3_urw7p5;9;0;0.8;9
2022-05-17 23:27:13.351414;t3_urw7kt;28;0;0.89;28
2022-05-17 23:27:13.351414;t3_urw5uu;13;0;0.93;13
2022-05-17 23:27:13.351414;t3_urw4ow;42;0;0.91;42
2022-05-17 23:27:13.351414;t3_urw2pw;15;0;1.0;15
2022-05-17 23:27:13.351414;t3_urw09b;14;0;0.89;14
2022-05-17 23:27:13.351414;t3_urvtth;14;0;0.94;14
2022-05-17 23:27:13.351414;t3_urvtad;7;0;0.68;7
2022-05-17 23:27:13.351414;t3_urvsys;51;0;0.95;51
2022-05-17 23:27:13.351414;t3_urvhfk;12;0;0.67;12
2022-05-17 23:27:13.351414;t3_urvem2;16;0;1.0;16
2022-05-17 23:27:13.351414;t3_urve4r;30;0;0.98;30
2022-05-17 23:27:13.351414;t3_urvd6e;16;0;0.83;16
2022-05-17 23:27:13.351414;t3_urvb7l;8;0;0.72;8
2022-05-17 23:27:13.351414;t3_urv8uw;69;0;0.98;69
2022-05-17 23:27:13.351414;t3_urv3jo;26;0;1.0;26
2022-05-17 23:27:13.351414;t3_uruurc;34;0;0.89;34
2022-05-17 23:27:13.351414;t3_urut33;32;0;0.9;32
2022-05-17 23:27:13.351414;t3_uruqyp;17;0;0.85;17
2022-05-17 23:27:13.351414;t3_uruq6q;19;0;0.92;19
2022-05-17 23:27:13.351414;t3_urump2;9;0;0.74;9
2022-05-17 23:27:13.351414;t3_urulgk;23;0;0.91;23
2022-05-17 23:27:13.351414;t3_urujpi;156;0;0.98;156
2022-05-17 23:27:13.351414;t3_uruj2m;53;0;0.95;53
2022-05-17 23:27:13.351414;t3_uruhdi;20;0;0.88;20
2022-05-17 23:27:13.351414;t3_urug1a;6;0;0.75;6
2022-05-17 23:27:13.351414;t3_urueag;10;0;0.82;10
2022-05-17 23:27:13.351414;t3_uru3qf;56;0;0.84;56
2022-05-17 23:27:13.351414;t3_urtzrz;14;0;1.0;14
2022-05-17 23:27:13.351414;t3_urtymu;25;0;0.79;25
2022-05-17 23:27:13.351414;t3_urtuff;19;0;0.79;19
2022-05-17 23:27:13.351414;t3_urtteo;42;0;0.97;42
2022-05-17 23:27:13.351414;t3_urtry3;38;0;0.92;38
2022-05-17 23:27:13.351414;t3_urtrbx;9;0;0.72;9
2022-05-17 23:27:13.351414;t3_urtqo5;17;0;0.9;17
2022-05-17 23:27:13.351414;t3_urtm3i;94;0;0.97;94
2022-05-17 23:27:13.351414;t3_urtjgt;17;0;0.84;17
2022-05-17 23:27:13.351414;t3_urtgnj;10;0;0.78;10
2022-05-17 23:27:13.351414;t3_urtejm;102;0;0.95;102
2022-05-17 23:27:13.351414;t3_urt990;15;0;1.0;15
2022-05-17 23:27:13.351414;t3_urt8mm;18;0;0.85;18
2022-05-17 23:27:13.351414;t3_urt7ww;50;0;0.96;50
2022-05-17 23:27:13.351414;t3_urt59z;81;0;0.97;81
2022-05-17 23:27:13.351414;t3_urt4cu;16;0;0.85;16
2022-05-17 23:27:13.351414;t3_urt2o6;10;0;0.7;10
2022-05-17 23:27:13.351414;t3_ursz3i;76;0;0.93;76
2022-05-17 23:27:13.351414;t3_ursx7l;13;0;0.79;13
2022-05-17 23:27:13.351414;t3_urswjm;11;0;0.74;11
2022-05-17 23:27:13.351414;t3_ursuic;41;0;0.95;41
2022-05-17 23:27:13.351414;t3_urssjv;358;0;0.91;358
2022-05-17 23:27:13.351414;t3_urspug;0;0;0.42;0
2022-05-17 23:27:13.351414;t3_ursppc;11;0;0.75;11
2022-05-17 23:27:13.351414;t3_ursk83;10;0;0.87;10
2022-05-17 23:27:13.351414;t3_ursjgy;9;0;0.57;9
2022-05-17 23:27:13.351414;t3_urse7z;86;0;0.84;86
2022-05-17 23:27:13.351414;t3_ursaru;474;0;0.94;474
2022-05-17 23:27:13.351414;t3_urs7df;18;0;0.79;18
2022-05-17 23:27:13.351414;t3_urs5r5;27;0;0.92;27
2022-05-17 23:27:13.351414;t3_urs4bj;28;0;0.93;28
2022-05-17 23:27:13.351414;t3_urruiv;25;0;0.86;25
2022-05-17 23:27:13.351414;t3_urrt1u;2;0;0.56;2
2022-05-17 23:27:13.351414;t3_urro0d;18;0;0.75;18
2022-05-17 23:27:13.351414;t3_urrg3i;134;0;0.92;134
2022-05-17 23:27:13.351414;t3_urrby4;45;0;0.83;45
2022-05-17 23:27:13.351414;t3_urr59b;107;0;0.98;107
2022-05-17 23:27:13.351414;t3_urr0b2;15;0;0.95;15
2022-05-17 23:27:13.351414;t3_urqydz;21;0;0.82;21
2022-05-17 23:27:13.351414;t3_urqvr7;48;0;0.85;48
2022-05-17 23:27:13.351414;t3_urqq24;27;0;0.89;27
2022-05-17 23:27:13.351414;t3_urqok7;40;0;0.88;40
2022-05-17 23:27:13.351414;t3_urqn3m;60;0;0.92;60
2022-05-17 23:27:13.351414;t3_urql62;58;0;0.96;58
2022-05-17 23:27:13.351414;t3_urqi3m;812;0;0.97;812
2022-05-17 23:27:13.351414;t3_urqg9e;10;0;0.73;10
2022-05-17 23:27:13.351414;t3_urqg6a;12;0;0.81;12
2022-05-17 23:27:13.351414;t3_urqdl1;18;0;0.83;18
2022-05-17 23:27:13.351414;t3_urqcxg;17;0;0.84;17
2022-05-17 23:27:13.351414;t3_urq87p;115;0;0.93;115
2022-05-17 23:27:13.351414;t3_urq7i8;14;0;0.77;14
2022-05-17 23:27:13.351414;t3_urq4up;32;0;0.97;32
2022-05-17 23:27:13.351414;t3_urq4u3;50;0;0.95;50
2022-05-17 23:27:13.351414;t3_urpzyt;28;0;0.9;28
2022-05-17 23:27:13.351414;t3_urpy4m;26;0;0.91;26
2022-05-17 23:27:13.351414;t3_urpw0g;531;0;0.95;531
2022-05-17 23:27:13.351414;t3_urpuoq;33;0;0.91;33
2022-05-17 23:27:13.351414;t3_urpp2o;48;0;0.92;48
2022-05-17 23:27:13.351414;t3_urploq;93;0;0.95;93
2022-05-17 23:27:13.351414;t3_urpkwu;238;0;0.85;238
2022-05-17 23:27:13.351414;t3_urpjus;64;0;0.95;64
2022-05-17 23:27:13.351414;t3_urpg6k;18;0;0.93;18
2022-05-17 23:27:41.204256;t3_urws1i;5;0;1.0;5
2022-05-17 23:27:41.204256;t3_urwogp;10;0;1.0;10
2022-05-17 23:27:41.204256;t3_urwmgr;0;0;0.33;0
2022-05-17 23:27:41.204256;t3_urwmdl;5;0;0.86;5
2022-05-17 23:27:41.204256;t3_urwj0v;24;0;0.96;24
2022-05-17 23:27:41.204256;t3_urwiwj;5;0;0.86;5
2022-05-17 23:27:41.204256;t3_urwh6h;7;0;1.0;7
2022-05-17 23:27:41.204256;t3_urwe3k;6;0;0.88;6
2022-05-17 23:27:41.204256;t3_urwbtj;21;0;0.89;21
2022-05-17 23:27:41.204256;t3_urw8jz;6;0;0.71;6
2022-05-17 23:27:41.204256;t3_urw7p5;9;0;0.8;9
2022-05-17 23:27:41.204256;t3_urw7kt;28;0;0.89;28
2022-05-17 23:27:41.204256;t3_urw5uu;13;0;0.93;13
2022-05-17 23:27:41.204256;t3_urw4ow;42;0;0.91;42
2022-05-17 23:27:41.204256;t3_urw2pw;15;0;1.0;15
2022-05-17 23:27:41.204256;t3_urw09b;14;0;0.89;14
2022-05-17 23:27:41.204256;t3_urvtth;14;0;0.94;14
2022-05-17 23:27:41.204256;t3_urvtad;7;0;0.68;7
2022-05-17 23:27:41.204256;t3_urvsys;52;0;0.95;52
2022-05-17 23:27:41.204256;t3_urvhfk;11;0;0.65;11
2022-05-17 23:27:41.204256;t3_urvem2;16;0;1.0;16
2022-05-17 23:27:41.204256;t3_urve4r;32;0;1.0;32
2022-05-17 23:27:41.204256;t3_urvd6e;16;0;0.83;16
2022-05-17 23:27:41.204256;t3_urvb7l;9;0;0.74;9
2022-05-17 23:27:41.204256;t3_urv8uw;69;0;0.98;69
2022-05-17 23:27:41.204256;t3_urv3jo;26;0;1.0;26
2022-05-17 23:27:41.204256;t3_uruurc;34;0;0.89;34
2022-05-17 23:27:41.204256;t3_urut33;31;0;0.87;31
2022-05-17 23:27:41.204256;t3_uruqyp;18;0;0.87;18
2022-05-17 23:27:41.204256;t3_uruq6q;19;0;0.92;19
2022-05-17 23:27:41.204256;t3_urump2;9;0;0.74;9
2022-05-17 23:27:41.204256;t3_urulgk;22;0;0.91;22
2022-05-17 23:27:41.204256;t3_urujpi;155;0;0.98;155
2022-05-17 23:27:41.204256;t3_uruj2m;55;0;0.96;55
2022-05-17 23:27:41.204256;t3_uruhdi;20;0;0.88;20
2022-05-17 23:27:41.204256;t3_urug1a;5;0;0.73;5
2022-05-17 23:27:41.204256;t3_urueag;13;0;0.92;13
2022-05-17 23:27:41.204256;t3_uru3qf;56;0;0.84;56
2022-05-17 23:27:41.204256;t3_urtzrz;14;0;0.95;14
2022-05-17 23:27:41.204256;t3_urtymu;28;0;0.82;28
2022-05-17 23:27:41.204256;t3_urtuff;21;0;0.8;21
2022-05-17 23:27:41.204256;t3_urtteo;43;0;0.97;43
2022-05-17 23:27:41.204256;t3_urtry3;38;0;0.93;38
2022-05-17 23:27:41.204256;t3_urtrbx;9;0;0.72;9
2022-05-17 23:27:41.204256;t3_urtqo5;17;0;0.9;17
2022-05-17 23:27:41.204256;t3_urtm3i;96;0;0.97;96
2022-05-17 23:27:41.204256;t3_urtjgt;17;0;0.84;17
2022-05-17 23:27:41.204256;t3_urtgnj;9;0;0.77;9
2022-05-17 23:27:41.204256;t3_urtejm;102;0;0.95;102
2022-05-17 23:27:41.204256;t3_urt990;14;0;0.95;14
2022-05-17 23:27:41.204256;t3_urt8mm;18;0;0.85;18
2022-05-17 23:27:41.204256;t3_urt7ww;49;0;0.94;49
2022-05-17 23:27:41.204256;t3_urt59z;79;0;0.97;79
2022-05-17 23:27:41.204256;t3_urt4cu;17;0;0.85;17
2022-05-17 23:27:41.204256;t3_urt2o6;11;0;0.69;11
2022-05-17 23:27:41.204256;t3_ursz3i;72;0;0.93;72
2022-05-17 23:27:41.204256;t3_ursx7l;14;0;0.82;14
2022-05-17 23:27:41.204256;t3_urswjm;9;0;0.7;9
2022-05-17 23:27:41.204256;t3_ursuic;45;0;0.96;45
2022-05-17 23:27:41.204256;t3_urssjv;360;0;0.91;360
2022-05-17 23:27:41.204256;t3_urspug;0;0;0.42;0
2022-05-17 23:27:41.204256;t3_ursppc;11;0;0.75;11
2022-05-17 23:27:41.204256;t3_ursk83;10;0;0.87;10
2022-05-17 23:27:41.204256;t3_ursjgy;7;0;0.56;7
2022-05-17 23:27:41.204256;t3_urse7z;89;0;0.85;89
2022-05-17 23:27:41.204256;t3_ursaru;471;0;0.94;471
2022-05-17 23:27:41.204256;t3_urs7df;19;0;0.81;19
2022-05-17 23:27:41.204256;t3_urs5r5;27;0;0.92;27
2022-05-17 23:27:41.204256;t3_urs4bj;28;0;0.95;28
2022-05-17 23:27:41.204256;t3_urruiv;24;0;0.85;24
2022-05-17 23:27:41.204256;t3_urrt1u;2;0;0.56;2
2022-05-17 23:27:41.204256;t3_urro0d;18;0;0.75;18
2022-05-17 23:27:41.204256;t3_urrg3i;130;0;0.92;130
2022-05-17 23:27:41.204256;t3_urrby4;44;0;0.81;44
2022-05-17 23:27:41.204256;t3_urr59b;106;0;0.98;106
2022-05-17 23:27:41.204256;t3_urr0b2;16;0;1.0;16
2022-05-17 23:27:41.204256;t3_urqydz;22;0;0.82;22
2022-05-17 23:27:41.204256;t3_urqvr7;47;0;0.85;47
2022-05-17 23:27:41.204256;t3_urqq24;29;0;0.93;29
2022-05-17 23:27:41.204256;t3_urqok7;41;0;0.89;41
2022-05-17 23:27:41.204256;t3_urqn3m;64;0;0.92;64
2022-05-17 23:27:41.204256;t3_urql62;59;0;0.97;59
2022-05-17 23:27:41.204256;t3_urqi3m;814;0;0.97;814
2022-05-17 23:27:41.204256;t3_urqg9e;12;0;0.75;12
2022-05-17 23:27:41.204256;t3_urqg6a;10;0;0.79;10
2022-05-17 23:27:41.204256;t3_urqdl1;19;0;0.88;19
2022-05-17 23:27:41.204256;t3_urqcxg;16;0;0.81;16
2022-05-17 23:27:41.204256;t3_urq87p;117;0;0.93;117
2022-05-17 23:27:41.204256;t3_urq7i8;13;0;0.74;13
2022-05-17 23:27:41.204256;t3_urq4up;32;0;0.97;32
2022-05-17 23:27:41.204256;t3_urq4u3;46;0;0.94;46
2022-05-17 23:27:41.204256;t3_urpzyt;27;0;0.88;27
2022-05-17 23:27:41.204256;t3_urpy4m;27;0;0.91;27
2022-05-17 23:27:41.204256;t3_urpw0g;526;0;0.95;526
2022-05-17 23:27:41.204256;t3_urpuoq;31;0;0.87;31
2022-05-17 23:27:41.204256;t3_urpp2o;45;0;0.91;45
2022-05-17 23:27:41.204256;t3_urploq;96;0;0.95;96
2022-05-17 23:27:41.204256;t3_urpkwu;239;0;0.85;239
2022-05-17 23:27:41.204256;t3_urpjus;62;0;0.94;62
2022-05-17 23:27:41.204256;t3_urpg6k;18;0;0.96;18
2022-05-17 23:28:03.527670;t3_urws1i;5;0;1.0;5
2022-05-17 23:28:03.527670;t3_urwogp;11;0;1.0;11
2022-05-17 23:28:03.527670;t3_urwmgr;0;0;0.33;0
2022-05-17 23:28:03.527670;t3_urwmdl;5;0;0.86;5
2022-05-17 23:28:03.527670;t3_urwj0v;24;0;0.96;24
2022-05-17 23:28:03.527670;t3_urwiwj;5;0;0.86;5
2022-05-17 23:28:03.527670;t3_urwh6h;7;0;1.0;7
2022-05-17 23:28:03.527670;t3_urwe3k;6;0;0.88;6
2022-05-17 23:28:03.527670;t3_urwbtj;22;0;0.89;22
2022-05-17 23:28:03.527670;t3_urw8jz;6;0;0.71;6
2022-05-17 23:28:03.527670;t3_urw7p5;9;0;0.8;9
2022-05-17 23:28:03.527670;t3_urw7kt;28;0;0.89;28
2022-05-17 23:28:03.527670;t3_urw5uu;14;0;0.94;14
2022-05-17 23:28:03.527670;t3_urw4ow;44;0;0.92;44
2022-05-17 23:28:03.527670;t3_urw2pw;15;0;1.0;15
2022-05-17 23:28:03.527670;t3_urw09b;14;0;0.89;14
2022-05-17 23:28:03.527670;t3_urvtth;14;0;0.94;14
2022-05-17 23:28:03.527670;t3_urvtad;7;0;0.68;7
2022-05-17 23:28:03.527670;t3_urvsys;53;0;0.95;53
2022-05-17 23:28:03.527670;t3_urvhfk;11;0;0.65;11
2022-05-17 23:28:03.527670;t3_urvem2;16;0;1.0;16
2022-05-17 23:28:03.527670;t3_urve4r;31;0;0.98;31
2022-05-17 23:28:03.527670;t3_urvd6e;16;0;0.83;16
2022-05-17 23:28:03.527670;t3_urvb7l;8;0;0.72;8
2022-05-17 23:28:03.527670;t3_urv8uw;69;0;0.98;69
2022-05-17 23:28:03.527670;t3_urv3jo;26;0;1.0;26
2022-05-17 23:28:03.527670;t3_uruurc;34;0;0.88;34
2022-05-17 23:28:03.527670;t3_urut33;33;0;0.89;33
2022-05-17 23:28:03.527670;t3_uruqyp;17;0;0.85;17
2022-05-17 23:28:03.527670;t3_uruq6q;20;0;0.95;20
2022-05-17 23:28:03.527670;t3_urump2;8;0;0.73;8
2022-05-17 23:28:03.527670;t3_urulgk;24;0;0.92;24
2022-05-17 23:28:03.527670;t3_urujpi;152;0;0.98;152
2022-05-17 23:28:03.527670;t3_uruj2m;54;0;0.95;54
2022-05-17 23:28:03.527670;t3_uruhdi;21;0;0.89;21
2022-05-17 23:28:03.527670;t3_urug1a;5;0;0.73;5
2022-05-17 23:28:03.527670;t3_urueag;13;0;0.92;13
2022-05-17 23:28:03.527670;t3_uru3qf;56;0;0.84;56
2022-05-17 23:28:03.527670;t3_urtzrz;14;0;1.0;14
2022-05-17 23:28:03.527670;t3_urtymu;30;0;0.84;30
2022-05-17 23:28:03.527670;t3_urtuff;20;0;0.79;20
2022-05-17 23:28:03.527670;t3_urtteo;43;0;0.96;43
2022-05-17 23:28:03.527670;t3_urtry3;37;0;0.92;37
2022-05-17 23:28:03.527670;t3_urtrbx;10;0;0.75;10
2022-05-17 23:28:03.527670;t3_urtqo5;17;0;0.9;17
2022-05-17 23:28:03.527670;t3_urtm3i;94;0;0.97;94
2022-05-17 23:28:03.527670;t3_urtjgt;17;0;0.84;17
2022-05-17 23:28:03.527670;t3_urtgnj;9;0;0.77;9
2022-05-17 23:28:03.527670;t3_urtejm;101;0;0.94;101
2022-05-17 23:28:03.527670;t3_urt990;16;0;1.0;16
2022-05-17 23:28:03.527670;t3_urt8mm;19;0;0.88;19
2022-05-17 23:28:03.527670;t3_urt7ww;46;0;0.92;46
2022-05-17 23:28:03.527670;t3_urt59z;80;0;0.97;80
2022-05-17 23:28:03.527670;t3_urt4cu;17;0;0.85;17
2022-05-17 23:28:03.527670;t3_urt2o6;11;0;0.69;11
2022-05-17 23:28:03.527670;t3_ursz3i;74;0;0.93;74
2022-05-17 23:28:03.527670;t3_ursx7l;16;0;0.84;16
2022-05-17 23:28:03.527670;t3_urswjm;10;0;0.73;10
2022-05-17 23:28:03.527670;t3_ursuic;44;0;0.96;44
2022-05-17 23:28:03.527670;t3_urssjv;359;0;0.91;359
2022-05-17 23:28:03.527670;t3_urspug;0;0;0.42;0
2022-05-17 23:28:03.527670;t3_ursppc;13;0;0.77;13
2022-05-17 23:28:03.527670;t3_ursk83;11;0;0.93;11
2022-05-17 23:28:03.527670;t3_ursjgy;9;0;0.57;9
2022-05-17 23:28:03.527670;t3_urse7z;87;0;0.85;87
2022-05-17 23:28:03.527670;t3_ursaru;476;0;0.94;476
2022-05-17 23:28:03.527670;t3_urs7df;18;0;0.79;18
2022-05-17 23:28:03.527670;t3_urs5r5;30;0;0.95;30
2022-05-17 23:28:03.527670;t3_urs4bj;28;0;0.93;28
2022-05-17 23:28:03.527670;t3_urruiv;25;0;0.87;25
2022-05-17 23:28:03.527670;t3_urrt1u;2;0;0.56;2
2022-05-17 23:28:03.527670;t3_urro0d;18;0;0.75;18
2022-05-17 23:28:03.527670;t3_urrg3i;129;0;0.92;129
2022-05-17 23:28:03.527670;t3_urrby4;47;0;0.83;47
2022-05-17 23:28:03.527670;t3_urr59b;111;0;0.98;111
2022-05-17 23:28:03.527670;t3_urr0b2;16;0;1.0;16
2022-05-17 23:28:03.527670;t3_urqydz;21;0;0.82;21
2022-05-17 23:28:03.527670;t3_urqvr7;48;0;0.85;48
2022-05-17 23:28:03.527670;t3_urqq24;30;0;0.93;30
2022-05-17 23:28:03.527670;t3_urqok7;41;0;0.89;41
2022-05-17 23:28:03.527670;t3_urqn3m;63;0;0.92;63
2022-05-17 23:28:03.527670;t3_urql62;58;0;0.96;58
2022-05-17 23:28:03.527670;t3_urqi3m;816;0;0.97;816
2022-05-17 23:28:03.527670;t3_urqg9e;11;0;0.74;11
2022-05-17 23:28:03.527670;t3_urqg6a;14;0;0.89;14
2022-05-17 23:28:03.527670;t3_urqdl1;16;0;0.82;16
2022-05-17 23:28:03.527670;t3_urqcxg;16;0;0.83;16
2022-05-17 23:28:03.527670;t3_urq87p;115;0;0.93;115
2022-05-17 23:28:03.527670;t3_urq7i8;16;0;0.78;16
2022-05-17 23:28:03.527670;t3_urq4up;28;0;0.93;28
2022-05-17 23:28:03.527670;t3_urq4u3;45;0;0.92;45
2022-05-17 23:28:03.527670;t3_urpzyt;28;0;0.9;28
2022-05-17 23:28:03.527670;t3_urpy4m;24;0;0.87;24
2022-05-17 23:28:03.527670;t3_urpw0g;530;0;0.95;530
2022-05-17 23:28:03.527670;t3_urpuoq;30;0;0.88;30
2022-05-17 23:28:03.527670;t3_urpp2o;43;0;0.91;43
2022-05-17 23:28:03.527670;t3_urploq;98;0;0.95;98
2022-05-17 23:28:03.527670;t3_urpkwu;246;0;0.85;246
2022-05-17 23:28:03.527670;t3_urpjus;64;0;0.96;64
2022-05-17 23:28:03.527670;t3_urpg6k;18;0;0.93;18
2022-05-17 23:28:34.759711;t3_urws1i;5;0;0.86;5
2022-05-17 23:28:34.759711;t3_urwogp;13;0;1.0;13
2022-05-17 23:28:34.759711;t3_urwmgr;0;0;0.33;0
2022-05-17 23:28:34.759711;t3_urwmdl;5;0;0.86;5
2022-05-17 23:28:34.759711;t3_urwj0v;24;0;0.96;24
2022-05-17 23:28:34.759711;t3_urwiwj;5;0;0.86;5
2022-05-17 23:28:34.759711;t3_urwh6h;7;0;1.0;7
2022-05-17 23:28:34.759711;t3_urwe3k;6;0;0.88;6
2022-05-17 23:28:34.759711;t3_urwbtj;24;0;0.9;24
2022-05-17 23:28:34.759711;t3_urw8jz;6;0;0.71;6
2022-05-17 23:28:34.759711;t3_urw7p5;9;0;0.8;9
2022-05-17 23:28:34.759711;t3_urw7kt;28;0;0.89;28
2022-05-17 23:28:34.759711;t3_urw5uu;14;0;0.94;14
2022-05-17 23:28:34.759711;t3_urw4ow;45;0;0.92;45
2022-05-17 23:28:34.759711;t3_urw2pw;15;0;1.0;15
2022-05-17 23:28:34.759711;t3_urw09b;14;0;0.85;14
2022-05-17 23:28:34.759711;t3_urvtth;14;0;0.94;14
2022-05-17 23:28:34.759711;t3_urvtad;7;0;0.68;7
2022-05-17 23:28:34.759711;t3_urvsys;54;0;0.95;54
2022-05-17 23:28:34.759711;t3_urvhfk;12;0;0.67;12
2022-05-17 23:28:34.759711;t3_urvem2;16;0;1.0;16
2022-05-17 23:28:34.759711;t3_urve4r;31;0;0.98;31
2022-05-17 23:28:34.759711;t3_urvd6e;16;0;0.83;16
2022-05-17 23:28:34.759711;t3_urvb7l;8;0;0.72;8
2022-05-17 23:28:34.759711;t3_urv8uw;69;0;0.98;69
2022-05-17 23:28:34.759711;t3_urv3jo;26;0;1.0;26
2022-05-17 23:28:34.759711;t3_uruurc;33;0;0.87;33
2022-05-17 23:28:34.759711;t3_urut33;30;0;0.87;30
2022-05-17 23:28:34.759711;t3_uruqyp;17;0;0.87;17
2022-05-17 23:28:34.759711;t3_uruq6q;19;0;0.92;19
2022-05-17 23:28:34.759711;t3_urump2;8;0;0.73;8
2022-05-17 23:28:34.759711;t3_urulgk;22;0;0.91;22
2022-05-17 23:28:34.759711;t3_urujpi;154;0;0.98;154
2022-05-17 23:28:34.759711;t3_uruj2m;53;0;0.96;53
2022-05-17 23:28:34.759711;t3_uruhdi;19;0;0.86;19
2022-05-17 23:28:34.759711;t3_urug1a;4;0;0.67;4
2022-05-17 23:28:34.759711;t3_urueag;12;0;0.84;12
2022-05-17 23:28:34.759711;t3_uru3qf;58;0;0.84;58
2022-05-17 23:28:34.759711;t3_urtzrz;14;0;0.95;14
2022-05-17 23:28:34.759711;t3_urtymu;26;0;0.8;26
2022-05-17 23:28:34.759711;t3_urtuff;20;0;0.8;20
2022-05-17 23:28:34.759711;t3_urtteo;44;0;0.97;44
2022-05-17 23:28:34.759711;t3_urtry3;39;0;0.93;39
2022-05-17 23:28:34.759711;t3_urtrbx;9;0;0.74;9
2022-05-17 23:28:34.759711;t3_urtqo5;18;0;0.91;18
2022-05-17 23:28:34.759711;t3_urtm3i;95;0;0.97;95
2022-05-17 23:28:34.759711;t3_urtjgt;17;0;0.81;17
2022-05-17 23:28:34.759711;t3_urtgnj;9;0;0.77;9
2022-05-17 23:28:34.759711;t3_urtejm;104;0;0.94;104
2022-05-17 23:28:34.759711;t3_urt990;15;0;1.0;15
2022-05-17 23:28:34.759711;t3_urt8mm;18;0;0.85;18
2022-05-17 23:28:34.759711;t3_urt7ww;50;0;0.94;50
2022-05-17 23:28:34.759711;t3_urt59z;81;0;0.97;81
2022-05-17 23:28:34.759711;t3_urt4cu;18;0;0.88;18
2022-05-17 23:28:34.759711;t3_urt2o6;9;0;0.67;9
2022-05-17 23:28:34.759711;t3_ursz3i;73;0;0.93;73
2022-05-17 23:28:34.759711;t3_ursx7l;15;0;0.81;15
2022-05-17 23:28:34.759711;t3_urswjm;9;0;0.7;9
2022-05-17 23:28:34.759711;t3_ursuic;39;0;0.92;39
2022-05-17 23:28:34.759711;t3_urssjv;354;0;0.91;354
2022-05-17 23:28:34.759711;t3_urspug;0;0;0.42;0
2022-05-17 23:28:34.759711;t3_ursppc;14;0;0.8;14
2022-05-17 23:28:34.759711;t3_ursk83;10;0;0.87;10
2022-05-17 23:28:34.759711;t3_ursjgy;10;0;0.58;10
2022-05-17 23:28:34.759711;t3_urse7z;90;0;0.85;90
2022-05-17 23:28:34.759711;t3_ursaru;474;0;0.94;474
2022-05-17 23:28:34.759711;t3_urs7df;17;0;0.78;17
2022-05-17 23:28:34.759711;t3_urs5r5;28;0;0.93;28
2022-05-17 23:28:34.759711;t3_urs4bj;27;0;0.92;27
2022-05-17 23:28:34.759711;t3_urruiv;25;0;0.86;25
2022-05-17 23:28:34.759711;t3_urrt1u;2;0;0.56;2
2022-05-17 23:28:34.759711;t3_urro0d;19;0;0.75;19
2022-05-17 23:28:34.759711;t3_urrg3i;129;0;0.92;129
2022-05-17 23:28:34.759711;t3_urrby4;44;0;0.82;44
2022-05-17 23:28:34.759711;t3_urr59b;109;0;0.98;109
2022-05-17 23:28:34.759711;t3_urr0b2;16;0;1.0;16
2022-05-17 23:28:34.759711;t3_urqydz;21;0;0.82;21
2022-05-17 23:28:34.759711;t3_urqvr7;46;0;0.84;46
2022-05-17 23:28:34.759711;t3_urqq24;28;0;0.91;28
2022-05-17 23:28:34.759711;t3_urqok7;41;0;0.9;41
2022-05-17 23:28:34.759711;t3_urqn3m;58;0;0.91;58
2022-05-17 23:28:34.759711;t3_urql62;55;0;0.95;55
2022-05-17 23:28:34.759711;t3_urqi3m;823;0;0.97;823
2022-05-17 23:28:34.759711;t3_urqg9e;10;0;0.73;10
2022-05-17 23:28:34.759711;t3_urqg6a;12;0;0.81;12
2022-05-17 23:28:34.759711;t3_urqdl1;21;0;0.89;21
2022-05-17 23:28:34.759711;t3_urqcxg;16;0;0.83;16
2022-05-17 23:28:34.759711;t3_urq87p;118;0;0.93;118
2022-05-17 23:28:34.759711;t3_urq7i8;13;0;0.74;13
2022-05-17 23:28:34.759711;t3_urq4up;31;0;0.95;31
2022-05-17 23:28:34.759711;t3_urq4u3;45;0;0.93;45
2022-05-17 23:28:34.759711;t3_urpzyt;26;0;0.89;26
2022-05-17 23:28:34.759711;t3_urpy4m;25;0;0.88;25
2022-05-17 23:28:34.759711;t3_urpw0g;538;0;0.95;538
2022-05-17 23:28:34.759711;t3_urpuoq;29;0;0.87;29
2022-05-17 23:28:34.759711;t3_urpp2o;48;0;0.92;48
2022-05-17 23:28:34.759711;t3_urploq;93;0;0.95;93
2022-05-17 23:28:34.759711;t3_urpkwu;241;0;0.85;241
2022-05-17 23:28:34.759711;t3_urpjus;60;0;0.94;60
2022-05-17 23:28:34.759711;t3_urpg6k;19;0;1.0;19
2022-05-17 23:28:58.926186;t3_urws1i;5;0;0.86;5
2022-05-17 23:28:58.926186;t3_urwogp;13;0;1.0;13
2022-05-17 23:28:58.926186;t3_urwmgr;0;0;0.33;0
2022-05-17 23:28:58.926186;t3_urwmdl;5;0;0.86;5
2022-05-17 23:28:58.926186;t3_urwj0v;24;0;0.96;24
2022-05-17 23:28:58.926186;t3_urwiwj;5;0;0.86;5
2022-05-17 23:28:58.926186;t3_urwh6h;7;0;1.0;7
2022-05-17 23:28:58.926186;t3_urwe3k;6;0;0.88;6
2022-05-17 23:28:58.926186;t3_urwbtj;25;0;0.9;25
2022-05-17 23:28:58.926186;t3_urw8jz;6;0;0.71;6
2022-05-17 23:28:58.926186;t3_urw7p5;9;0;0.8;9
2022-05-17 23:28:58.926186;t3_urw7kt;28;0;0.89;28
2022-05-17 23:28:58.926186;t3_urw5uu;14;0;0.94;14
2022-05-17 23:28:58.926186;t3_urw4ow;44;0;0.91;44
2022-05-17 23:28:58.926186;t3_urw2pw;15;0;1.0;15
2022-05-17 23:28:58.926186;t3_urw09b;14;0;0.89;14
2022-05-17 23:28:58.926186;t3_urvtth;14;0;0.94;14
2022-05-17 23:28:58.926186;t3_urvtad;7;0;0.68;7
2022-05-17 23:28:58.926186;t3_urvsys;53;0;0.94;53
2022-05-17 23:28:58.926186;t3_urvhfk;12;0;0.67;12
2022-05-17 23:28:58.926186;t3_urvem2;16;0;1.0;16
2022-05-17 23:28:58.926186;t3_urve4r;32;0;1.0;32
2022-05-17 23:28:58.926186;t3_urvd6e;16;0;0.83;16
2022-05-17 23:28:58.926186;t3_urvb7l;8;0;0.72;8
2022-05-17 23:28:58.926186;t3_urv8uw;70;0;0.98;70
2022-05-17 23:28:58.926186;t3_urv3jo;26;0;1.0;26
2022-05-17 23:28:58.926186;t3_uruurc;36;0;0.89;36
2022-05-17 23:28:58.926186;t3_urut33;32;0;0.88;32
2022-05-17 23:28:58.926186;t3_uruqyp;16;0;0.84;16
2022-05-17 23:28:58.926186;t3_uruq6q;20;0;0.92;20
2022-05-17 23:28:58.926186;t3_urump2;8;0;0.73;8
2022-05-17 23:28:58.926186;t3_urulgk;24;0;0.92;24
2022-05-17 23:28:58.926186;t3_urujpi;155;0;0.98;155
2022-05-17 23:28:58.926186;t3_uruj2m;54;0;0.95;54
2022-05-17 23:28:58.926186;t3_uruhdi;20;0;0.86;20
2022-05-17 23:28:58.926186;t3_urug1a;6;0;0.75;6
2022-05-17 23:28:58.926186;t3_urueag;12;0;0.88;12
2022-05-17 23:28:58.926186;t3_uru3qf;60;0;0.85;60
2022-05-17 23:28:58.926186;t3_urtzrz;14;0;1.0;14
2022-05-17 23:28:58.926186;t3_urtymu;27;0;0.8;27
2022-05-17 23:28:58.926186;t3_urtuff;18;0;0.77;18
2022-05-17 23:28:58.926186;t3_urtteo;41;0;0.95;41
2022-05-17 23:28:58.926186;t3_urtry3;38;0;0.93;38
2022-05-17 23:28:58.926186;t3_urtrbx;10;0;0.75;10
2022-05-17 23:28:58.926186;t3_urtqo5;17;0;0.9;17
2022-05-17 23:28:58.926186;t3_urtm3i;94;0;0.97;94
2022-05-17 23:28:58.926186;t3_urtjgt;16;0;0.81;16
2022-05-17 23:28:58.926186;t3_urtgnj;10;0;0.81;10
2022-05-17 23:28:58.926186;t3_urtejm;99;0;0.94;99
2022-05-17 23:28:58.926186;t3_urt990;16;0;1.0;16
2022-05-17 23:28:58.926186;t3_urt8mm;17;0;0.83;17
2022-05-17 23:28:58.926186;t3_urt7ww;47;0;0.93;47
2022-05-17 23:28:58.926186;t3_urt59z;83;0;0.97;83
2022-05-17 23:28:58.926186;t3_urt4cu;16;0;0.85;16
2022-05-17 23:28:58.926186;t3_urt2o6;11;0;0.69;11
2022-05-17 23:28:58.926186;t3_ursz3i;75;0;0.93;75
2022-05-17 23:28:58.926186;t3_ursx7l;14;0;0.8;14
2022-05-17 23:28:58.926186;t3_urswjm;12;0;0.75;12
2022-05-17 23:28:58.926186;t3_ursuic;42;0;0.96;42
2022-05-17 23:28:58.926186;t3_urssjv;357;0;0.91;357
2022-05-17 23:28:58.926186;t3_urspug;0;0;0.42;0
2022-05-17 23:28:58.926186;t3_ursppc;13;0;0.77;13
2022-05-17 23:28:58.926186;t3_ursk83;12;0;0.89;12
2022-05-17 23:28:58.926186;t3_ursjgy;8;0;0.57;8
2022-05-17 23:28:58.926186;t3_urse7z;88;0;0.85;88
2022-05-17 23:28:58.926186;t3_ursaru;483;0;0.94;483
2022-05-17 23:28:58.926186;t3_urs7df;17;0;0.78;17
2022-05-17 23:28:58.926186;t3_urs5r5;28;0;0.91;28
2022-05-17 23:28:58.926186;t3_urs4bj;25;0;0.9;25
2022-05-17 23:28:58.926186;t3_urruiv;24;0;0.85;24
2022-05-17 23:28:58.926186;t3_urrt1u;2;0;0.56;2
2022-05-17 23:28:58.926186;t3_urro0d;20;0;0.77;20
2022-05-17 23:28:58.926186;t3_urrg3i;127;0;0.92;127
2022-05-17 23:28:58.926186;t3_urrby4;44;0;0.82;44
2022-05-17 23:28:58.926186;t3_urr59b;110;0;0.98;110
2022-05-17 23:28:58.926186;t3_urr0b2;16;0;1.0;16
2022-05-17 23:28:58.926186;t3_urqydz;21;0;0.82;21
2022-05-17 23:28:58.926186;t3_urqvr7;49;0;0.86;49
2022-05-17 23:28:58.926186;t3_urqq24;27;0;0.89;27
2022-05-17 23:28:58.926186;t3_urqok7;42;0;0.9;42
2022-05-17 23:28:58.926186;t3_urqn3m;61;0;0.92;61
2022-05-17 23:28:58.926186;t3_urql62;57;0;0.96;57
2022-05-17 23:28:58.926186;t3_urqi3m;823;0;0.97;823
2022-05-17 23:28:58.926186;t3_urqg9e;9;0;0.7;9
2022-05-17 23:28:58.926186;t3_urqg6a;12;0;0.81;12
2022-05-17 23:28:58.926186;t3_urqdl1;17;0;0.83;17
2022-05-17 23:28:58.926186;t3_urqcxg;15;0;0.8;15
2022-05-17 23:28:58.926186;t3_urq87p;116;0;0.94;116
2022-05-17 23:28:58.926186;t3_urq7i8;13;0;0.74;13
2022-05-17 23:28:58.926186;t3_urq4up;30;0;0.97;30
2022-05-17 23:28:58.926186;t3_urq4u3;43;0;0.91;43
2022-05-17 23:28:58.926186;t3_urpzyt;27;0;0.88;27
2022-05-17 23:28:58.926186;t3_urpy4m;27;0;0.91;27
2022-05-17 23:28:58.926186;t3_urpw0g;531;0;0.95;531
2022-05-17 23:28:58.926186;t3_urpuoq;35;0;0.93;35
2022-05-17 23:28:58.926186;t3_urpp2o;45;0;0.92;45
2022-05-17 23:28:58.926186;t3_urploq;99;0;0.95;99
2022-05-17 23:28:58.926186;t3_urpkwu;240;0;0.85;240
2022-05-17 23:28:58.926186;t3_urpjus;61;0;0.95;61
2022-05-17 23:28:58.926186;t3_urpg6k;21;0;1.0;21
2022-05-17 23:29:26.881591;t3_urws1i;5;0;0.86;5
2022-05-17 23:29:26.881591;t3_urwogp;13;0;1.0;13
2022-05-17 23:29:26.881591;t3_urwmgr;0;0;0.33;0
2022-05-17 23:29:26.881591;t3_urwmdl;5;0;0.86;5
2022-05-17 23:29:26.881591;t3_urwj0v;25;0;0.96;25
2022-05-17 23:29:26.881591;t3_urwiwj;5;0;0.86;5
2022-05-17 23:29:26.881591;t3_urwh6h;7;0;1.0;7
2022-05-17 23:29:26.881591;t3_urwe3k;6;0;0.88;6
2022-05-17 23:29:26.881591;t3_urwbtj;24;0;0.88;24
2022-05-17 23:29:26.881591;t3_urw8jz;6;0;0.71;6
2022-05-17 23:29:26.881591;t3_urw7p5;9;0;0.8;9
2022-05-17 23:29:26.881591;t3_urw7kt;28;0;0.89;28
2022-05-17 23:29:26.881591;t3_urw5uu;14;0;0.94;14
2022-05-17 23:29:26.881591;t3_urw4ow;47;0;0.93;47
2022-05-17 23:29:26.881591;t3_urw2pw;16;0;1.0;16
2022-05-17 23:29:26.881591;t3_urw09b;14;0;0.85;14
2022-05-17 23:29:26.881591;t3_urvtth;15;0;0.94;15
2022-05-17 23:29:26.881591;t3_urvtad;7;0;0.68;7
2022-05-17 23:29:26.881591;t3_urvsys;54;0;0.95;54
2022-05-17 23:29:26.881591;t3_urvhfk;11;0;0.65;11
2022-05-17 23:29:26.881591;t3_urvem2;16;0;1.0;16
2022-05-17 23:29:26.881591;t3_urve4r;32;0;1.0;32
2022-05-17 23:29:26.881591;t3_urvd6e;16;0;0.83;16
2022-05-17 23:29:26.881591;t3_urvb7l;9;0;0.74;9
2022-05-17 23:29:26.881591;t3_urv8uw;71;0;0.99;71
2022-05-17 23:29:26.881591;t3_urv3jo;26;0;1.0;26
2022-05-17 23:29:26.881591;t3_uruurc;34;0;0.87;34
2022-05-17 23:29:26.881591;t3_urut33;30;0;0.87;30
2022-05-17 23:29:26.881591;t3_uruqyp;18;0;0.87;18
2022-05-17 23:29:26.881591;t3_uruq6q;20;0;0.95;20
2022-05-17 23:29:26.881591;t3_urump2;9;0;0.74;9
2022-05-17 23:29:26.881591;t3_urulgk;23;0;0.91;23
2022-05-17 23:29:26.881591;t3_urujpi;154;0;0.98;154
2022-05-17 23:29:26.881591;t3_uruj2m;56;0;0.96;56
2022-05-17 23:29:26.881591;t3_uruhdi;21;0;0.87;21
2022-05-17 23:29:26.881591;t3_urug1a;5;0;0.69;5
2022-05-17 23:29:26.881591;t3_urueag;13;0;0.88;13
2022-05-17 23:29:26.881591;t3_uru3qf;61;0;0.85;61
2022-05-17 23:29:26.881591;t3_urtzrz;15;0;1.0;15
2022-05-17 23:29:26.881591;t3_urtymu;26;0;0.8;26
2022-05-17 23:29:26.881591;t3_urtuff;19;0;0.78;19
2022-05-17 23:29:26.881591;t3_urtteo;42;0;0.94;42
2022-05-17 23:29:26.881591;t3_urtry3;37;0;0.92;37
2022-05-17 23:29:26.881591;t3_urtrbx;8;0;0.7;8
2022-05-17 23:29:26.881591;t3_urtqo5;17;0;0.9;17
2022-05-17 23:29:26.881591;t3_urtm3i;97;0;0.97;97
2022-05-17 23:29:26.881591;t3_urtjgt;15;0;0.78;15
2022-05-17 23:29:26.881591;t3_urtgnj;10;0;0.78;10
2022-05-17 23:29:26.881591;t3_urtejm;101;0;0.94;101
2022-05-17 23:29:26.881591;t3_urt990;15;0;0.95;15
2022-05-17 23:29:26.881591;t3_urt8mm;18;0;0.83;18
2022-05-17 23:29:26.881591;t3_urt7ww;48;0;0.93;48
2022-05-17 23:29:26.881591;t3_urt59z;82;0;0.97;82
2022-05-17 23:29:26.881591;t3_urt4cu;16;0;0.85;16
2022-05-17 23:29:26.881591;t3_urt2o6;12;0;0.72;12
2022-05-17 23:29:26.881591;t3_ursz3i;75;0;0.93;75
2022-05-17 23:29:26.881591;t3_ursx7l;14;0;0.82;14
2022-05-17 23:29:26.881591;t3_urswjm;10;0;0.73;10
2022-05-17 23:29:26.881591;t3_ursuic;41;0;0.93;41
2022-05-17 23:29:26.881591;t3_urssjv;358;0;0.91;358
2022-05-17 23:29:26.881591;t3_urspug;0;0;0.4;0
2022-05-17 23:29:26.881591;t3_ursppc;12;0;0.76;12
2022-05-17 23:29:26.881591;t3_ursk83;12;0;0.89;12
2022-05-17 23:29:26.881591;t3_ursjgy;11;0;0.59;11
2022-05-17 23:29:26.881591;t3_urse7z;87;0;0.85;87
2022-05-17 23:29:26.881591;t3_ursaru;479;0;0.94;479
2022-05-17 23:29:26.881591;t3_urs7df;18;0;0.79;18
2022-05-17 23:29:26.881591;t3_urs5r5;28;0;0.91;28
2022-05-17 23:29:26.881591;t3_urs4bj;26;0;0.92;26
2022-05-17 23:29:26.881591;t3_urruiv;25;0;0.87;25
2022-05-17 23:29:26.881591;t3_urrt1u;2;0;0.56;2
2022-05-17 23:29:26.881591;t3_urro0d;18;0;0.76;18
2022-05-17 23:29:26.881591;t3_urrg3i;130;0;0.92;130
2022-05-17 23:29:26.881591;t3_urrby4;43;0;0.81;43
2022-05-17 23:29:26.881591;t3_urr59b;107;0;0.98;107
2022-05-17 23:29:26.881591;t3_urr0b2;16;0;1.0;16
2022-05-17 23:29:26.881591;t3_urqydz;20;0;0.8;20
2022-05-17 23:29:26.881591;t3_urqvr7;49;0;0.85;49
2022-05-17 23:29:26.881591;t3_urqq24;30;0;0.93;30
2022-05-17 23:29:26.881591;t3_urqok7;44;0;0.91;44
2022-05-17 23:29:26.881591;t3_urqn3m;64;0;0.92;64
2022-05-17 23:29:26.881591;t3_urql62;52;0;0.94;52
2022-05-17 23:29:26.881591;t3_urqi3m;828;0;0.97;828
2022-05-17 23:29:26.881591;t3_urqg9e;11;0;0.74;11
2022-05-17 23:29:26.881591;t3_urqg6a;13;0;0.88;13
2022-05-17 23:29:26.881591;t3_urqdl1;19;0;0.88;19
2022-05-17 23:29:26.881591;t3_urqcxg;16;0;0.83;16
2022-05-17 23:29:26.881591;t3_urq87p;117;0;0.94;117
2022-05-17 23:29:26.881591;t3_urq7i8;14;0;0.75;14
2022-05-17 23:29:26.881591;t3_urq4up;29;0;0.95;29
2022-05-17 23:29:26.881591;t3_urq4u3;45;0;0.93;45
2022-05-17 23:29:26.881591;t3_urpzyt;27;0;0.88;27
2022-05-17 23:29:26.881591;t3_urpy4m;23;0;0.86;23
2022-05-17 23:29:26.881591;t3_urpw0g;541;0;0.95;541
2022-05-17 23:29:26.881591;t3_urpuoq;30;0;0.87;30
2022-05-17 23:29:26.881591;t3_urpp2o;46;0;0.92;46
2022-05-17 23:29:26.881591;t3_urploq;98;0;0.95;98
2022-05-17 23:29:26.881591;t3_urpkwu;245;0;0.85;245
2022-05-17 23:29:26.881591;t3_urpjus;60;0;0.95;60
2022-05-17 23:29:26.881591;t3_urpg6k;19;0;0.96;19
2022-05-17 23:29:52.486649;t3_urws1i;5;0;0.86;5
2022-05-17 23:29:52.486649;t3_urwogp;13;0;1.0;13
2022-05-17 23:29:52.486649;t3_urwmgr;0;0;0.33;0
2022-05-17 23:29:52.486649;t3_urwmdl;5;0;0.86;5
2022-05-17 23:29:52.486649;t3_urwj0v;25;0;0.96;25
2022-05-17 23:29:52.486649;t3_urwiwj;5;0;0.86;5
2022-05-17 23:29:52.486649;t3_urwh6h;7;0;1.0;7
2022-05-17 23:29:52.486649;t3_urwe3k;7;0;0.89;7
2022-05-17 23:29:52.486649;t3_urwbtj;24;0;0.88;24
2022-05-17 23:29:52.486649;t3_urw8jz;6;0;0.71;6
2022-05-17 23:29:52.486649;t3_urw7p5;9;0;0.8;9
2022-05-17 23:29:52.486649;t3_urw7kt;28;0;0.89;28
2022-05-17 23:29:52.486649;t3_urw5uu;14;0;0.94;14
2022-05-17 23:29:52.486649;t3_urw4ow;48;0;0.93;48
2022-05-17 23:29:52.486649;t3_urw2pw;16;0;1.0;16
2022-05-17 23:29:52.486649;t3_urw09b;14;0;0.86;14
2022-05-17 23:29:52.486649;t3_urvtth;14;0;0.94;14
2022-05-17 23:29:52.486649;t3_urvtad;7;0;0.68;7
2022-05-17 23:29:52.486649;t3_urvsys;52;0;0.93;52
2022-05-17 23:29:52.486649;t3_urvhfk;11;0;0.65;11
2022-05-17 23:29:52.486649;t3_urvem2;16;0;1.0;16
2022-05-17 23:29:52.486649;t3_urve4r;32;0;1.0;32
2022-05-17 23:29:52.486649;t3_urvd6e;16;0;0.83;16
2022-05-17 23:29:52.486649;t3_urvb7l;8;0;0.72;8
2022-05-17 23:29:52.486649;t3_urv8uw;71;0;0.99;71
2022-05-17 23:29:52.486649;t3_urv3jo;26;0;1.0;26
2022-05-17 23:29:52.486649;t3_uruurc;34;0;0.89;34
2022-05-17 23:29:52.486649;t3_urut33;31;0;0.89;31
2022-05-17 23:29:52.486649;t3_uruqyp;17;0;0.87;17
2022-05-17 23:29:52.486649;t3_uruq6q;20;0;0.95;20
2022-05-17 23:29:52.486649;t3_urump2;8;0;0.71;8
2022-05-17 23:29:52.486649;t3_urulgk;22;0;0.91;22
2022-05-17 23:29:52.486649;t3_urujpi;159;0;0.98;159
2022-05-17 23:29:52.486649;t3_uruj2m;56;0;0.96;56
2022-05-17 23:29:52.486649;t3_uruhdi;19;0;0.86;19
2022-05-17 23:29:52.486649;t3_urug1a;5;0;0.73;5
2022-05-17 23:29:52.486649;t3_urueag;14;0;0.93;14
2022-05-17 23:29:52.486649;t3_uru3qf;60;0;0.84;60
2022-05-17 23:29:52.486649;t3_urtzrz;14;0;1.0;14
2022-05-17 23:29:52.486649;t3_urtymu;28;0;0.81;28
2022-05-17 23:29:52.486649;t3_urtuff;21;0;0.8;21
2022-05-17 23:29:52.486649;t3_urtteo;41;0;0.94;41
2022-05-17 23:29:52.486649;t3_urtry3;39;0;0.93;39
2022-05-17 23:29:52.486649;t3_urtrbx;10;0;0.75;10
2022-05-17 23:29:52.486649;t3_urtqo5;17;0;0.9;17
2022-05-17 23:29:52.486649;t3_urtm3i;98;0;0.96;98
2022-05-17 23:29:52.486649;t3_urtjgt;17;0;0.81;17
2022-05-17 23:29:52.486649;t3_urtgnj;9;0;0.77;9
2022-05-17 23:29:52.486649;t3_urtejm;103;0;0.94;103
2022-05-17 23:29:52.486649;t3_urt990;13;0;0.94;13
2022-05-17 23:29:52.486649;t3_urt8mm;18;0;0.83;18
2022-05-17 23:29:52.486649;t3_urt7ww;52;0;0.94;52
2022-05-17 23:29:52.486649;t3_urt59z;84;0;0.97;84
2022-05-17 23:29:52.486649;t3_urt4cu;16;0;0.85;16
2022-05-17 23:29:52.486649;t3_urt2o6;9;0;0.67;9
2022-05-17 23:29:52.486649;t3_ursz3i;76;0;0.93;76
2022-05-17 23:29:52.486649;t3_ursx7l;16;0;0.84;16
2022-05-17 23:29:52.486649;t3_urswjm;11;0;0.72;11
2022-05-17 23:29:52.486649;t3_ursuic;43;0;0.94;43
2022-05-17 23:29:52.486649;t3_urssjv;363;0;0.91;363
2022-05-17 23:29:52.486649;t3_urspug;0;0;0.42;0
2022-05-17 23:29:52.486649;t3_ursppc;12;0;0.76;12
2022-05-17 23:29:52.486649;t3_ursk83;10;0;0.87;10
2022-05-17 23:29:52.486649;t3_ursjgy;9;0;0.57;9
2022-05-17 23:29:52.486649;t3_urse7z;90;0;0.85;90
2022-05-17 23:29:52.486649;t3_ursaru;484;0;0.95;484
2022-05-17 23:29:52.486649;t3_urs7df;18;0;0.8;18
2022-05-17 23:29:52.486649;t3_urs5r5;29;0;0.93;29
2022-05-17 23:29:52.486649;t3_urs4bj;25;0;0.9;25
2022-05-17 23:29:52.486649;t3_urruiv;25;0;0.86;25
2022-05-17 23:29:52.486649;t3_urrt1u;2;0;0.56;2
2022-05-17 23:29:52.486649;t3_urro0d;19;0;0.75;19
2022-05-17 23:29:52.486649;t3_urrg3i;133;0;0.92;133
2022-05-17 23:29:52.486649;t3_urrby4;45;0;0.82;45
2022-05-17 23:29:52.486649;t3_urr59b;111;0;0.98;111
2022-05-17 23:29:52.486649;t3_urr0b2;17;0;1.0;17
2022-05-17 23:29:52.486649;t3_urqydz;21;0;0.82;21
2022-05-17 23:29:52.486649;t3_urqvr7;52;0;0.86;52
2022-05-17 23:29:52.486649;t3_urqq24;29;0;0.91;29
2022-05-17 23:29:52.486649;t3_urqok7;40;0;0.9;40
2022-05-17 23:29:52.486649;t3_urqn3m;61;0;0.91;61
2022-05-17 23:29:52.486649;t3_urql62;56;0;0.94;56
2022-05-17 23:29:52.486649;t3_urqi3m;838;0;0.97;838
2022-05-17 23:29:52.486649;t3_urqg9e;12;0;0.75;12
2022-05-17 23:29:52.486649;t3_urqg6a;11;0;0.8;11
2022-05-17 23:29:52.486649;t3_urqdl1;20;0;0.88;20
2022-05-17 23:29:52.486649;t3_urqcxg;16;0;0.83;16
2022-05-17 23:29:52.486649;t3_urq87p;116;0;0.94;116
2022-05-17 23:29:52.486649;t3_urq7i8;14;0;0.73;14
2022-05-17 23:29:52.486649;t3_urq4up;32;0;0.97;32
2022-05-17 23:29:52.486649;t3_urq4u3;48;0;0.92;48
2022-05-17 23:29:52.486649;t3_urpzyt;25;0;0.87;25
2022-05-17 23:29:52.486649;t3_urpy4m;23;0;0.86;23
2022-05-17 23:29:52.486649;t3_urpw0g;538;0;0.95;538
2022-05-17 23:29:52.486649;t3_urpuoq;35;0;0.93;35
2022-05-17 23:29:52.486649;t3_urpp2o;40;0;0.88;40
2022-05-17 23:29:52.486649;t3_urploq;95;0;0.95;95
2022-05-17 23:29:52.486649;t3_urpkwu;242;0;0.85;242
2022-05-17 23:29:52.486649;t3_urpjus;64;0;0.96;64
2022-05-17 23:29:52.486649;t3_urpg6k;18;0;0.96;18
2022-05-17 23:30:34.468750;t3_urws1i;6;0;0.88;6
2022-05-17 23:30:34.468750;t3_urwogp;13;0;1.0;13
2022-05-17 23:30:34.468750;t3_urwmgr;0;0;0.33;0
2022-05-17 23:30:34.468750;t3_urwmdl;6;0;0.88;6
2022-05-17 23:30:34.468750;t3_urwj0v;25;0;0.96;25
2022-05-17 23:30:34.468750;t3_urwiwj;5;0;0.86;5
2022-05-17 23:30:34.468750;t3_urwh6h;7;0;1.0;7
2022-05-17 23:30:34.468750;t3_urwe3k;7;0;0.89;7
2022-05-17 23:30:34.468750;t3_urwbtj;24;0;0.88;24
2022-05-17 23:30:34.468750;t3_urw8jz;7;0;0.73;7
2022-05-17 23:30:34.468750;t3_urw7p5;9;0;0.8;9
2022-05-17 23:30:34.468750;t3_urw7kt;28;0;0.89;28
2022-05-17 23:30:34.468750;t3_urw5uu;14;0;0.94;14
2022-05-17 23:30:34.468750;t3_urw4ow;49;0;0.92;49
2022-05-17 23:30:34.468750;t3_urw2pw;16;0;1.0;16
2022-05-17 23:30:34.468750;t3_urw09b;14;0;0.86;14
2022-05-17 23:30:34.468750;t3_urvtth;15;0;0.94;15
2022-05-17 23:30:34.468750;t3_urvtad;7;0;0.68;7
2022-05-17 23:30:34.468750;t3_urvsys;54;0;0.93;54
2022-05-17 23:30:34.468750;t3_urvhfk;11;0;0.65;11
2022-05-17 23:30:34.468750;t3_urvem2;16;0;1.0;16
2022-05-17 23:30:34.468750;t3_urve4r;31;0;0.98;31
2022-05-17 23:30:34.468750;t3_urvd6e;16;0;0.83;16
2022-05-17 23:30:34.468750;t3_urvb7l;8;0;0.72;8
2022-05-17 23:30:34.468750;t3_urv8uw;71;0;0.99;71
2022-05-17 23:30:34.468750;t3_urv3jo;26;0;1.0;26
2022-05-17 23:30:34.468750;t3_uruurc;35;0;0.88;35
2022-05-17 23:30:34.468750;t3_urut33;30;0;0.87;30
2022-05-17 23:30:34.468750;t3_uruqyp;17;0;0.87;17
2022-05-17 23:30:34.468750;t3_uruq6q;19;0;0.92;19
2022-05-17 23:30:34.468750;t3_urump2;8;0;0.7;8
2022-05-17 23:30:34.468750;t3_urulgk;23;0;0.88;23
2022-05-17 23:30:34.468750;t3_urujpi;155;0;0.98;155
2022-05-17 23:30:34.468750;t3_uruj2m;58;0;0.97;58
2022-05-17 23:30:34.468750;t3_uruhdi;21;0;0.89;21
2022-05-17 23:30:34.468750;t3_urug1a;5;0;0.73;5
2022-05-17 23:30:34.468750;t3_urueag;13;0;0.88;13
2022-05-17 23:30:34.468750;t3_uru3qf;64;0;0.85;64
2022-05-17 23:30:34.468750;t3_urtzrz;13;0;0.94;13
2022-05-17 23:30:34.468750;t3_urtymu;28;0;0.81;28
2022-05-17 23:30:34.468750;t3_urtuff;20;0;0.8;20
2022-05-17 23:30:34.468750;t3_urtteo;43;0;0.97;43
2022-05-17 23:30:34.468750;t3_urtry3;38;0;0.93;38
2022-05-17 23:30:34.468750;t3_urtrbx;9;0;0.74;9
2022-05-17 23:30:34.468750;t3_urtqo5;18;0;0.91;18
2022-05-17 23:30:34.468750;t3_urtm3i;99;0;0.96;99
2022-05-17 23:30:34.468750;t3_urtjgt;16;0;0.81;16
2022-05-17 23:30:34.468750;t3_urtgnj;9;0;0.77;9
2022-05-17 23:30:34.468750;t3_urtejm;100;0;0.94;100
2022-05-17 23:30:34.468750;t3_urt990;13;0;0.94;13
2022-05-17 23:30:34.468750;t3_urt8mm;18;0;0.85;18
2022-05-17 23:30:34.468750;t3_urt7ww;45;0;0.91;45
2022-05-17 23:30:34.468750;t3_urt59z;86;0;0.97;86
2022-05-17 23:30:34.468750;t3_urt4cu;18;0;0.86;18
2022-05-17 23:30:34.468750;t3_urt2o6;10;0;0.68;10
2022-05-17 23:30:34.468750;t3_ursz3i;75;0;0.93;75
2022-05-17 23:30:34.468750;t3_ursx7l;13;0;0.79;13
2022-05-17 23:30:34.468750;t3_urswjm;9;0;0.7;9
2022-05-17 23:30:34.468750;t3_ursuic;41;0;0.93;41
2022-05-17 23:30:34.468750;t3_urssjv;368;0;0.91;368
2022-05-17 23:30:34.468750;t3_urspug;0;0;0.42;0
2022-05-17 23:30:34.468750;t3_ursppc;12;0;0.76;12
2022-05-17 23:30:34.468750;t3_ursk83;11;0;0.88;11
2022-05-17 23:30:34.468750;t3_ursjgy;6;0;0.55;6
2022-05-17 23:30:34.468750;t3_urse7z;89;0;0.85;89
2022-05-17 23:30:34.468750;t3_ursaru;488;0;0.95;488
2022-05-17 23:30:34.468750;t3_urs7df;18;0;0.79;18
2022-05-17 23:30:34.468750;t3_urs5r5;27;0;0.91;27
2022-05-17 23:30:34.468750;t3_urs4bj;29;0;0.95;29
2022-05-17 23:30:34.468750;t3_urruiv;26;0;0.86;26
2022-05-17 23:30:34.468750;t3_urrt1u;2;0;0.56;2
2022-05-17 23:30:34.468750;t3_urro0d;19;0;0.75;19
2022-05-17 23:30:34.468750;t3_urrg3i;133;0;0.92;133
2022-05-17 23:30:34.468750;t3_urrby4;44;0;0.82;44
2022-05-17 23:30:34.468750;t3_urr59b;108;0;0.98;108
2022-05-17 23:30:34.468750;t3_urr0b2;17;0;1.0;17
2022-05-17 23:30:34.468750;t3_urqydz;20;0;0.8;20
2022-05-17 23:30:34.468750;t3_urqvr7;49;0;0.85;49
2022-05-17 23:30:34.468750;t3_urqq24;28;0;0.9;28
2022-05-17 23:30:34.468750;t3_urqok7;41;0;0.9;41
2022-05-17 23:30:34.468750;t3_urqn3m;61;0;0.92;61
2022-05-17 23:30:34.468750;t3_urql62;57;0;0.94;57
2022-05-17 23:30:34.468750;t3_urqi3m;837;0;0.97;837
2022-05-17 23:30:34.468750;t3_urqg9e;8;0;0.68;8
2022-05-17 23:30:34.468750;t3_urqg6a;12;0;0.81;12
2022-05-17 23:30:34.468750;t3_urqdl1;18;0;0.85;18
2022-05-17 23:30:34.468750;t3_urqcxg;15;0;0.8;15
2022-05-17 23:30:34.468750;t3_urq87p;119;0;0.94;119
2022-05-17 23:30:34.468750;t3_urq7i8;13;0;0.73;13
2022-05-17 23:30:34.468750;t3_urq4up;30;0;0.95;30
2022-05-17 23:30:34.468750;t3_urq4u3;46;0;0.93;46
2022-05-17 23:30:34.468750;t3_urpzyt;28;0;0.9;28
2022-05-17 23:30:34.468750;t3_urpy4m;25;0;0.9;25
2022-05-17 23:30:34.468750;t3_urpw0g;538;0;0.95;538
2022-05-17 23:30:34.468750;t3_urpuoq;32;0;0.92;32
2022-05-17 23:30:34.468750;t3_urpp2o;45;0;0.9;45
2022-05-17 23:30:34.468750;t3_urploq;93;0;0.95;93
2022-05-17 23:30:34.468750;t3_urpkwu;248;0;0.85;248
2022-05-17 23:30:34.468750;t3_urpjus;61;0;0.94;61
2022-05-17 23:30:34.468750;t3_urpg6k;19;0;0.96;19
2022-05-17 23:31:09.179954;t3_urws1i;6;0;0.88;6
2022-05-17 23:31:09.179954;t3_urwogp;13;0;1.0;13
2022-05-17 23:31:09.179954;t3_urwmgr;0;0;0.33;0
2022-05-17 23:31:09.179954;t3_urwmdl;6;0;0.88;6
2022-05-17 23:31:09.179954;t3_urwj0v;25;0;0.96;25
2022-05-17 23:31:09.179954;t3_urwiwj;5;0;0.86;5
2022-05-17 23:31:09.179954;t3_urwh6h;7;0;1.0;7
2022-05-17 23:31:09.179954;t3_urwe3k;7;0;0.89;7
2022-05-17 23:31:09.179954;t3_urwbtj;24;0;0.88;24
2022-05-17 23:31:09.179954;t3_urw8jz;7;0;0.73;7
2022-05-17 23:31:09.179954;t3_urw7p5;9;0;0.8;9
2022-05-17 23:31:09.179954;t3_urw7kt;28;0;0.89;28
2022-05-17 23:31:09.179954;t3_urw5uu;13;0;0.89;13
2022-05-17 23:31:09.179954;t3_urw4ow;51;0;0.92;51
2022-05-17 23:31:09.179954;t3_urw2pw;16;0;1.0;16
2022-05-17 23:31:09.179954;t3_urw09b;14;0;0.86;14
2022-05-17 23:31:09.179954;t3_urvtth;15;0;0.94;15
2022-05-17 23:31:09.179954;t3_urvtad;7;0;0.68;7
2022-05-17 23:31:09.179954;t3_urvsys;56;0;0.94;56
2022-05-17 23:31:09.179954;t3_urvhfk;10;0;0.63;10
2022-05-17 23:31:09.179954;t3_urvem2;16;0;1.0;16
2022-05-17 23:31:09.179954;t3_urve4r;32;0;1.0;32
2022-05-17 23:31:09.179954;t3_urvd6e;16;0;0.83;16
2022-05-17 23:31:09.179954;t3_urvb7l;8;0;0.72;8
2022-05-17 23:31:09.179954;t3_urv8uw;70;0;0.98;70
2022-05-17 23:31:09.179954;t3_urv3jo;26;0;1.0;26
2022-05-17 23:31:09.179954;t3_uruurc;36;0;0.89;36
2022-05-17 23:31:09.179954;t3_urut33;32;0;0.88;32
2022-05-17 23:31:09.179954;t3_uruqyp;16;0;0.84;16
2022-05-17 23:31:09.179954;t3_uruq6q;20;0;0.92;20
2022-05-17 23:31:09.179954;t3_urump2;7;0;0.67;7
2022-05-17 23:31:09.179954;t3_urulgk;23;0;0.9;23
2022-05-17 23:31:09.179954;t3_urujpi;157;0;0.98;157
2022-05-17 23:31:09.179954;t3_uruj2m;57;0;0.96;57
2022-05-17 23:31:09.179954;t3_uruhdi;19;0;0.86;19
2022-05-17 23:31:09.179954;t3_urug1a;5;0;0.73;5
2022-05-17 23:31:09.179954;t3_urueag;13;0;0.88;13
2022-05-17 23:31:09.179954;t3_uru3qf;62;0;0.84;62
2022-05-17 23:31:09.179954;t3_urtzrz;15;0;1.0;15
2022-05-17 23:31:09.179954;t3_urtymu;29;0;0.82;29
2022-05-17 23:31:09.179954;t3_urtuff;19;0;0.79;19
2022-05-17 23:31:09.179954;t3_urtteo;42;0;0.97;42
2022-05-17 23:31:09.179954;t3_urtry3;38;0;0.92;38
2022-05-17 23:31:09.179954;t3_urtrbx;10;0;0.75;10
2022-05-17 23:31:09.179954;t3_urtqo5;18;0;0.91;18
2022-05-17 23:31:09.179954;t3_urtm3i;95;0;0.96;95
2022-05-17 23:31:09.179954;t3_urtjgt;16;0;0.81;16
2022-05-17 23:31:09.179954;t3_urtgnj;10;0;0.78;10
2022-05-17 23:31:09.179954;t3_urtejm;103;0;0.94;103
2022-05-17 23:31:09.179954;t3_urt990;12;0;0.89;12
2022-05-17 23:31:09.179954;t3_urt8mm;21;0;0.89;21
2022-05-17 23:31:09.179954;t3_urt7ww;50;0;0.93;50
2022-05-17 23:31:09.179954;t3_urt59z;86;0;0.97;86
2022-05-17 23:31:09.179954;t3_urt4cu;16;0;0.85;16
2022-05-17 23:31:09.179954;t3_urt2o6;11;0;0.71;11
2022-05-17 23:31:09.179954;t3_ursz3i;76;0;0.93;76
2022-05-17 23:31:09.179954;t3_ursx7l;14;0;0.82;14
2022-05-17 23:31:09.179954;t3_urswjm;10;0;0.73;10
2022-05-17 23:31:09.179954;t3_ursuic;44;0;0.95;44
2022-05-17 23:31:09.179954;t3_urssjv;365;0;0.91;365
2022-05-17 23:31:09.179954;t3_urspug;0;0;0.39;0
2022-05-17 23:31:09.179954;t3_ursppc;13;0;0.77;13
2022-05-17 23:31:09.179954;t3_ursk83;11;0;0.93;11
2022-05-17 23:31:09.179954;t3_ursjgy;11;0;0.59;11
2022-05-17 23:31:09.179954;t3_urse7z;87;0;0.85;87
2022-05-17 23:31:09.179954;t3_ursaru;492;0;0.95;492
2022-05-17 23:31:09.179954;t3_urs7df;19;0;0.81;19
2022-05-17 23:31:09.179954;t3_urs5r5;28;0;0.91;28
2022-05-17 23:31:09.179954;t3_urs4bj;27;0;0.92;27
2022-05-17 23:31:09.179954;t3_urruiv;25;0;0.87;25
2022-05-17 23:31:09.179954;t3_urrt1u;2;0;0.56;2
2022-05-17 23:31:09.179954;t3_urro0d;18;0;0.76;18
2022-05-17 23:31:09.179954;t3_urrg3i;131;0;0.92;131
2022-05-17 23:31:09.179954;t3_urrby4;42;0;0.81;42
2022-05-17 23:31:09.179954;t3_urr59b;107;0;0.98;107
2022-05-17 23:31:09.179954;t3_urr0b2;17;0;1.0;17
2022-05-17 23:31:09.179954;t3_urqydz;21;0;0.82;21
2022-05-17 23:31:09.179954;t3_urqvr7;49;0;0.85;49
2022-05-17 23:31:09.179954;t3_urqq24;28;0;0.9;28
2022-05-17 23:31:09.179954;t3_urqok7;36;0;0.87;36
2022-05-17 23:31:09.179954;t3_urqn3m;61;0;0.92;61
2022-05-17 23:31:09.179954;t3_urql62;55;0;0.95;55
2022-05-17 23:31:09.179954;t3_urqi3m;847;0;0.97;847
2022-05-17 23:31:09.179954;t3_urqg9e;10;0;0.71;10
2022-05-17 23:31:09.179954;t3_urqg6a;11;0;0.8;11
2022-05-17 23:31:09.179954;t3_urqdl1;21;0;0.89;21
2022-05-17 23:31:09.179954;t3_urqcxg;17;0;0.84;17
2022-05-17 23:31:09.179954;t3_urq87p;117;0;0.94;117
2022-05-17 23:31:09.179954;t3_urq7i8;14;0;0.73;14
2022-05-17 23:31:09.179954;t3_urq4up;31;0;0.97;31
2022-05-17 23:31:09.179954;t3_urq4u3;46;0;0.92;46
2022-05-17 23:31:09.179954;t3_urpzyt;27;0;0.88;27
2022-05-17 23:31:09.179954;t3_urpy4m;24;0;0.87;24
2022-05-17 23:31:09.179954;t3_urpw0g;541;0;0.95;541
2022-05-17 23:31:09.179954;t3_urpuoq;33;0;0.89;33
2022-05-17 23:31:09.179954;t3_urpp2o;45;0;0.9;45
2022-05-17 23:31:09.179954;t3_urploq;97;0;0.95;97
2022-05-17 23:31:09.179954;t3_urpkwu;243;0;0.85;243
2022-05-17 23:31:09.179954;t3_urpjus;59;0;0.94;59
2022-05-17 23:31:09.179954;t3_urpg6k;19;0;0.96;19
2022-05-17 23:31:51.614131;t3_urws1i;6;0;0.88;6
2022-05-17 23:31:51.614131;t3_urwogp;13;0;1.0;13
2022-05-17 23:31:51.614131;t3_urwmgr;0;0;0.33;0
2022-05-17 23:31:51.614131;t3_urwmdl;6;0;0.88;6
2022-05-17 23:31:51.614131;t3_urwj0v;25;0;0.96;25
2022-05-17 23:31:51.614131;t3_urwiwj;5;0;0.86;5
2022-05-17 23:31:51.614131;t3_urwh6h;7;0;1.0;7
2022-05-17 23:31:51.614131;t3_urwe3k;7;0;0.89;7
2022-05-17 23:31:51.614131;t3_urwbtj;24;0;0.88;24
2022-05-17 23:31:51.614131;t3_urw8jz;7;0;0.73;7
2022-05-17 23:31:51.614131;t3_urw7p5;10;0;0.81;10
2022-05-17 23:31:51.614131;t3_urw7kt;28;0;0.89;28
2022-05-17 23:31:51.614131;t3_urw5uu;14;0;0.94;14
2022-05-17 23:31:51.614131;t3_urw4ow;51;0;0.92;51
2022-05-17 23:31:51.614131;t3_urw2pw;16;0;1.0;16
2022-05-17 23:31:51.614131;t3_urw09b;15;0;0.89;15
2022-05-17 23:31:51.614131;t3_urvtth;15;0;0.94;15
2022-05-17 23:31:51.614131;t3_urvtad;7;0;0.68;7
2022-05-17 23:31:51.614131;t3_urvsys;55;0;0.93;55
2022-05-17 23:31:51.614131;t3_urvhfk;11;0;0.65;11
2022-05-17 23:31:51.614131;t3_urvem2;16;0;1.0;16
2022-05-17 23:31:51.614131;t3_urve4r;31;0;0.98;31
2022-05-17 23:31:51.614131;t3_urvd6e;16;0;0.83;16
2022-05-17 23:31:51.614131;t3_urvb7l;8;0;0.72;8
2022-05-17 23:31:51.614131;t3_urv8uw;70;0;0.98;70
2022-05-17 23:31:51.614131;t3_urv3jo;28;0;1.0;28
2022-05-17 23:31:51.614131;t3_uruurc;34;0;0.88;34
2022-05-17 23:31:51.614131;t3_urut33;33;0;0.89;33
2022-05-17 23:31:51.614131;t3_uruqyp;16;0;0.84;16
2022-05-17 23:31:51.614131;t3_uruq6q;19;0;0.92;19
2022-05-17 23:31:51.614131;t3_urump2;6;0;0.65;6
2022-05-17 23:31:51.614131;t3_urulgk;23;0;0.9;23
2022-05-17 23:31:51.614131;t3_urujpi;156;0;0.98;156
2022-05-17 23:31:51.614131;t3_uruj2m;57;0;0.97;57
2022-05-17 23:31:51.614131;t3_uruhdi;20;0;0.84;20
2022-05-17 23:31:51.614131;t3_urug1a;3;0;0.62;3
2022-05-17 23:31:51.614131;t3_urueag;13;0;0.87;13
2022-05-17 23:31:51.614131;t3_uru3qf;61;0;0.83;61
2022-05-17 23:31:51.614131;t3_urtzrz;14;0;1.0;14
2022-05-17 23:31:51.614131;t3_urtymu;27;0;0.8;27
2022-05-17 23:31:51.614131;t3_urtuff;20;0;0.79;20
2022-05-17 23:31:51.614131;t3_urtteo;44;0;0.97;44
2022-05-17 23:31:51.614131;t3_urtry3;37;0;0.92;37
2022-05-17 23:31:51.614131;t3_urtrbx;10;0;0.75;10
2022-05-17 23:31:51.614131;t3_urtqo5;16;0;0.87;16
2022-05-17 23:31:51.614131;t3_urtm3i;97;0;0.96;97
2022-05-17 23:31:51.614131;t3_urtjgt;16;0;0.81;16
2022-05-17 23:31:51.614131;t3_urtgnj;10;0;0.81;10
2022-05-17 23:31:51.614131;t3_urtejm;102;0;0.94;102
2022-05-17 23:31:51.614131;t3_urt990;12;0;0.89;12
2022-05-17 23:31:51.614131;t3_urt8mm;21;0;0.89;21
2022-05-17 23:31:51.614131;t3_urt7ww;48;0;0.93;48
2022-05-17 23:31:51.614131;t3_urt59z;85;0;0.97;85
2022-05-17 23:31:51.614131;t3_urt4cu;18;0;0.88;18
2022-05-17 23:31:51.614131;t3_urt2o6;10;0;0.68;10
2022-05-17 23:31:51.614131;t3_ursz3i;76;0;0.93;76
2022-05-17 23:31:51.614131;t3_ursx7l;14;0;0.8;14
2022-05-17 23:31:51.614131;t3_urswjm;9;0;0.7;9
2022-05-17 23:31:51.614131;t3_ursuic;43;0;0.95;43
2022-05-17 23:31:51.614131;t3_urssjv;363;0;0.91;363
2022-05-17 23:31:51.614131;t3_urspug;0;0;0.4;0
2022-05-17 23:31:51.614131;t3_ursppc;13;0;0.77;13
2022-05-17 23:31:51.614131;t3_ursk83;12;0;0.94;12
2022-05-17 23:31:51.614131;t3_ursjgy;9;0;0.57;9
2022-05-17 23:31:51.614131;t3_urse7z;89;0;0.85;89
2022-05-17 23:31:51.614131;t3_ursaru;488;0;0.95;488
2022-05-17 23:31:51.614131;t3_urs7df;18;0;0.79;18
2022-05-17 23:31:51.614131;t3_urs5r5;29;0;0.95;29
2022-05-17 23:31:51.614131;t3_urs4bj;28;0;0.95;28
2022-05-17 23:31:51.614131;t3_urruiv;24;0;0.85;24
2022-05-17 23:31:51.614131;t3_urrt1u;3;0;0.59;3
2022-05-17 23:31:51.614131;t3_urro0d;19;0;0.75;19
2022-05-17 23:31:51.614131;t3_urrg3i;131;0;0.92;131
2022-05-17 23:31:51.614131;t3_urrby4;44;0;0.82;44
2022-05-17 23:31:51.614131;t3_urr59b;112;0;0.98;112
2022-05-17 23:31:51.614131;t3_urr0b2;15;0;0.95;15
2022-05-17 23:31:51.614131;t3_urqydz;22;0;0.82;22
2022-05-17 23:31:51.614131;t3_urqvr7;51;0;0.86;51
2022-05-17 23:31:51.614131;t3_urqq24;29;0;0.93;29
2022-05-17 23:31:51.614131;t3_urqok7;38;0;0.89;38
2022-05-17 23:31:51.614131;t3_urqn3m;63;0;0.92;63
2022-05-17 23:31:51.614131;t3_urql62;57;0;0.95;57
2022-05-17 23:31:51.614131;t3_urqi3m;851;0;0.97;851
2022-05-17 23:31:51.614131;t3_urqg9e;10;0;0.71;10
2022-05-17 23:31:51.614131;t3_urqg6a;11;0;0.83;11
2022-05-17 23:31:51.614131;t3_urqdl1;19;0;0.84;19
2022-05-17 23:31:51.614131;t3_urqcxg;16;0;0.83;16
2022-05-17 23:31:51.614131;t3_urq87p;115;0;0.94;115
2022-05-17 23:31:51.614131;t3_urq7i8;13;0;0.74;13
2022-05-17 23:31:51.614131;t3_urq4up;33;0;0.97;33
2022-05-17 23:31:51.614131;t3_urq4u3;48;0;0.92;48
2022-05-17 23:31:51.614131;t3_urpzyt;28;0;0.88;28
2022-05-17 23:31:51.614131;t3_urpy4m;26;0;0.89;26
2022-05-17 23:31:51.614131;t3_urpw0g;540;0;0.95;540
2022-05-17 23:31:51.614131;t3_urpuoq;34;0;0.91;34
2022-05-17 23:31:51.614131;t3_urpp2o;42;0;0.88;42
2022-05-17 23:31:51.614131;t3_urploq;94;0;0.95;94
2022-05-17 23:31:51.614131;t3_urpkwu;243;0;0.86;243
2022-05-17 23:31:51.614131;t3_urpjus;61;0;0.95;61
2022-05-17 23:31:51.614131;t3_urpg6k;19;0;0.96;19
2022-05-17 23:32:11.665737;t3_urws1i;6;0;0.88;6
2022-05-17 23:32:11.665737;t3_urwogp;13;0;1.0;13
2022-05-17 23:32:11.665737;t3_urwmgr;0;0;0.33;0
2022-05-17 23:32:11.665737;t3_urwmdl;6;0;0.88;6
2022-05-17 23:32:11.665737;t3_urwj0v;25;0;0.96;25
2022-05-17 23:32:11.665737;t3_urwiwj;5;0;0.86;5
2022-05-17 23:32:11.665737;t3_urwh6h;7;0;1.0;7
2022-05-17 23:32:11.665737;t3_urwe3k;7;0;0.89;7
2022-05-17 23:32:11.665737;t3_urwbtj;24;0;0.88;24
2022-05-17 23:32:11.665737;t3_urw8jz;7;0;0.73;7
2022-05-17 23:32:11.665737;t3_urw7p5;10;0;0.81;10
2022-05-17 23:32:11.665737;t3_urw7kt;29;0;0.89;29
2022-05-17 23:32:11.665737;t3_urw5uu;13;0;0.89;13
2022-05-17 23:32:11.665737;t3_urw4ow;51;0;0.92;51
2022-05-17 23:32:11.665737;t3_urw2pw;16;0;1.0;16
2022-05-17 23:32:11.665737;t3_urw09b;14;0;0.86;14
2022-05-17 23:32:11.665737;t3_urvtth;14;0;0.94;14
2022-05-17 23:32:11.665737;t3_urvtad;7;0;0.68;7
2022-05-17 23:32:11.665737;t3_urvsys;55;0;0.93;55
2022-05-17 23:32:11.665737;t3_urvhfk;11;0;0.65;11
2022-05-17 23:32:11.665737;t3_urvem2;16;0;1.0;16
2022-05-17 23:32:11.665737;t3_urve4r;33;0;1.0;33
2022-05-17 23:32:11.665737;t3_urvd6e;16;0;0.83;16
2022-05-17 23:32:11.665737;t3_urvb7l;8;0;0.72;8
2022-05-17 23:32:11.665737;t3_urv8uw;71;0;0.98;71
2022-05-17 23:32:11.665737;t3_urv3jo;26;0;0.97;26
2022-05-17 23:32:11.665737;t3_uruurc;34;0;0.88;34
2022-05-17 23:32:11.665737;t3_urut33;34;0;0.9;34
2022-05-17 23:32:11.665737;t3_uruqyp;16;0;0.84;16
2022-05-17 23:32:11.665737;t3_uruq6q;20;0;0.95;20
2022-05-17 23:32:11.665737;t3_urump2;7;0;0.67;7
2022-05-17 23:32:11.665737;t3_urulgk;23;0;0.88;23
2022-05-17 23:32:11.665737;t3_urujpi;157;0;0.98;157
2022-05-17 23:32:11.665737;t3_uruj2m;57;0;0.96;57
2022-05-17 23:32:11.665737;t3_uruhdi;20;0;0.84;20
2022-05-17 23:32:11.665737;t3_urug1a;4;0;0.67;4
2022-05-17 23:32:11.665737;t3_urueag;12;0;0.83;12
2022-05-17 23:32:11.665737;t3_uru3qf;60;0;0.83;60
2022-05-17 23:32:11.665737;t3_urtzrz;14;0;1.0;14
2022-05-17 23:32:11.665737;t3_urtymu;26;0;0.8;26
2022-05-17 23:32:11.665737;t3_urtuff;21;0;0.8;21
2022-05-17 23:32:11.665737;t3_urtteo;41;0;0.94;41
2022-05-17 23:32:11.665737;t3_urtry3;39;0;0.93;39
2022-05-17 23:32:11.665737;t3_urtrbx;9;0;0.74;9
2022-05-17 23:32:11.665737;t3_urtqo5;19;0;0.91;19
2022-05-17 23:32:11.665737;t3_urtm3i;97;0;0.96;97
2022-05-17 23:32:11.665737;t3_urtjgt;15;0;0.78;15
2022-05-17 23:32:11.665737;t3_urtgnj;10;0;0.78;10
2022-05-17 23:32:11.665737;t3_urtejm;105;0;0.94;105
2022-05-17 23:32:11.665737;t3_urt990;15;0;1.0;15
2022-05-17 23:32:11.665737;t3_urt8mm;19;0;0.86;19
2022-05-17 23:32:11.665737;t3_urt7ww;47;0;0.93;47
2022-05-17 23:32:11.665737;t3_urt59z;86;0;0.97;86
2022-05-17 23:32:11.665737;t3_urt4cu;17;0;0.85;17
2022-05-17 23:32:11.665737;t3_urt2o6;9;0;0.67;9
2022-05-17 23:32:11.665737;t3_ursz3i;71;0;0.92;71
2022-05-17 23:32:11.665737;t3_ursx7l;15;0;0.81;15
2022-05-17 23:32:11.665737;t3_urswjm;11;0;0.74;11
2022-05-17 23:32:11.665737;t3_ursuic;41;0;0.95;41
2022-05-17 23:32:11.665737;t3_urssjv;366;0;0.91;366
2022-05-17 23:32:11.665737;t3_urspug;0;0;0.41;0
2022-05-17 23:32:11.665737;t3_ursppc;12;0;0.76;12
2022-05-17 23:32:11.665737;t3_ursk83;10;0;0.87;10
2022-05-17 23:32:11.665737;t3_ursjgy;9;0;0.57;9
2022-05-17 23:32:11.665737;t3_urse7z;91;0;0.85;91
2022-05-17 23:32:11.665737;t3_ursaru;496;0;0.95;496
2022-05-17 23:32:11.665737;t3_urs7df;20;0;0.82;20
2022-05-17 23:32:11.665737;t3_urs5r5;28;0;0.91;28
2022-05-17 23:32:11.665737;t3_urs4bj;28;0;0.93;28
2022-05-17 23:32:11.665737;t3_urruiv;25;0;0.86;25
2022-05-17 23:32:11.665737;t3_urrt1u;3;0;0.59;3
2022-05-17 23:32:11.665737;t3_urro0d;19;0;0.76;19
2022-05-17 23:32:11.665737;t3_urrg3i;132;0;0.92;132
2022-05-17 23:32:11.665737;t3_urrby4;44;0;0.82;44
2022-05-17 23:32:11.665737;t3_urr59b;112;0;0.98;112
2022-05-17 23:32:11.665737;t3_urr0b2;16;0;0.95;16
2022-05-17 23:32:11.665737;t3_urqydz;20;0;0.8;20
2022-05-17 23:32:11.665737;t3_urqvr7;46;0;0.84;46
2022-05-17 23:32:11.665737;t3_urqq24;30;0;0.93;30
2022-05-17 23:32:11.665737;t3_urqok7;40;0;0.88;40
2022-05-17 23:32:11.665737;t3_urqn3m;63;0;0.92;63
2022-05-17 23:32:11.665737;t3_urql62;59;0;0.96;59
2022-05-17 23:32:11.665737;t3_urqi3m;853;0;0.97;853
2022-05-17 23:32:11.665737;t3_urqg9e;9;0;0.7;9
2022-05-17 23:32:11.665737;t3_urqg6a;11;0;0.83;11
2022-05-17 23:32:11.665737;t3_urqdl1;20;0;0.86;20
2022-05-17 23:32:11.665737;t3_urqcxg;16;0;0.83;16
2022-05-17 23:32:11.665737;t3_urq87p;115;0;0.94;115
2022-05-17 23:32:11.665737;t3_urq7i8;15;0;0.76;15
2022-05-17 23:32:11.665737;t3_urq4up;31;0;0.93;31
2022-05-17 23:32:11.665737;t3_urq4u3;49;0;0.95;49
2022-05-17 23:32:11.665737;t3_urpzyt;26;0;0.86;26
2022-05-17 23:32:11.665737;t3_urpy4m;26;0;0.89;26
2022-05-17 23:32:11.665737;t3_urpw0g;537;0;0.95;537
2022-05-17 23:32:11.665737;t3_urpuoq;35;0;0.93;35
2022-05-17 23:32:11.665737;t3_urpp2o;42;0;0.88;42
2022-05-17 23:32:11.665737;t3_urploq;96;0;0.95;96
2022-05-17 23:32:11.665737;t3_urpkwu;248;0;0.86;248
2022-05-17 23:32:11.665737;t3_urpjus;63;0;0.96;63
2022-05-17 23:32:11.665737;t3_urpg6k;17;0;0.92;17
2022-05-17 23:32:35.750415;t3_urws1i;6;0;0.88;6
2022-05-17 23:32:35.750415;t3_urwogp;13;0;1.0;13
2022-05-17 23:32:35.750415;t3_urwmgr;0;0;0.33;0
2022-05-17 23:32:35.750415;t3_urwmdl;6;0;0.88;6
2022-05-17 23:32:35.750415;t3_urwj0v;25;0;0.96;25
2022-05-17 23:32:35.750415;t3_urwiwj;5;0;0.86;5
2022-05-17 23:32:35.750415;t3_urwh6h;7;0;1.0;7
2022-05-17 23:32:35.750415;t3_urwe3k;7;0;0.89;7
2022-05-17 23:32:35.750415;t3_urwbtj;24;0;0.88;24
2022-05-17 23:32:35.750415;t3_urw8jz;7;0;0.73;7
2022-05-17 23:32:35.750415;t3_urw7p5;10;0;0.81;10
2022-05-17 23:32:35.750415;t3_urw7kt;29;0;0.89;29
2022-05-17 23:32:35.750415;t3_urw5uu;13;0;0.89;13
2022-05-17 23:32:35.750415;t3_urw4ow;51;0;0.91;51
2022-05-17 23:32:35.750415;t3_urw2pw;16;0;1.0;16
2022-05-17 23:32:35.750415;t3_urw09b;15;0;0.89;15
2022-05-17 23:32:35.750415;t3_urvtth;15;0;0.94;15
2022-05-17 23:32:35.750415;t3_urvtad;7;0;0.68;7
2022-05-17 23:32:35.750415;t3_urvsys;55;0;0.93;55
2022-05-17 23:32:35.750415;t3_urvhfk;11;0;0.65;11
2022-05-17 23:32:35.750415;t3_urvem2;16;0;1.0;16
2022-05-17 23:32:35.750415;t3_urve4r;33;0;1.0;33
2022-05-17 23:32:35.750415;t3_urvd6e;16;0;0.83;16
2022-05-17 23:32:35.750415;t3_urvb7l;8;0;0.72;8
2022-05-17 23:32:35.750415;t3_urv8uw;71;0;0.98;71
2022-05-17 23:32:35.750415;t3_urv3jo;27;0;1.0;27
2022-05-17 23:32:35.750415;t3_uruurc;35;0;0.87;35
2022-05-17 23:32:35.750415;t3_urut33;30;0;0.87;30
2022-05-17 23:32:35.750415;t3_uruqyp;17;0;0.85;17
2022-05-17 23:32:35.750415;t3_uruq6q;20;0;0.95;20
2022-05-17 23:32:35.750415;t3_urump2;7;0;0.67;7
2022-05-17 23:32:35.750415;t3_urulgk;22;0;0.9;22
2022-05-17 23:32:35.750415;t3_urujpi;159;0;0.98;159
2022-05-17 23:32:35.750415;t3_uruj2m;57;0;0.96;57
2022-05-17 23:32:35.750415;t3_uruhdi;19;0;0.83;19
2022-05-17 23:32:35.750415;t3_urug1a;4;0;0.67;4
2022-05-17 23:32:35.750415;t3_urueag;12;0;0.87;12
2022-05-17 23:32:35.750415;t3_uru3qf;62;0;0.83;62
2022-05-17 23:32:35.750415;t3_urtzrz;15;0;1.0;15
2022-05-17 23:32:35.750415;t3_urtymu;24;0;0.77;24
2022-05-17 23:32:35.750415;t3_urtuff;21;0;0.8;21
2022-05-17 23:32:35.750415;t3_urtteo;44;0;0.97;44
2022-05-17 23:32:35.750415;t3_urtry3;38;0;0.93;38
2022-05-17 23:32:35.750415;t3_urtrbx;8;0;0.7;8
2022-05-17 23:32:35.750415;t3_urtqo5;17;0;0.88;17
2022-05-17 23:32:35.750415;t3_urtm3i;98;0;0.96;98
2022-05-17 23:32:35.750415;t3_urtjgt;16;0;0.81;16
2022-05-17 23:32:35.750415;t3_urtgnj;11;0;0.82;11
2022-05-17 23:32:35.750415;t3_urtejm;106;0;0.94;106
2022-05-17 23:32:35.750415;t3_urt990;14;0;1.0;14
2022-05-17 23:32:35.750415;t3_urt8mm;19;0;0.88;19
2022-05-17 23:32:35.750415;t3_urt7ww;48;0;0.93;48
2022-05-17 23:32:35.750415;t3_urt59z;84;0;0.97;84
2022-05-17 23:32:35.750415;t3_urt4cu;18;0;0.86;18
2022-05-17 23:32:35.750415;t3_urt2o6;10;0;0.7;10
2022-05-17 23:32:35.750415;t3_ursz3i;74;0;0.93;74
2022-05-17 23:32:35.750415;t3_ursx7l;15;0;0.81;15
2022-05-17 23:32:35.750415;t3_urswjm;10;0;0.73;10
2022-05-17 23:32:35.750415;t3_ursuic;43;0;0.96;43
2022-05-17 23:32:35.750415;t3_urssjv;365;0;0.91;365
2022-05-17 23:32:35.750415;t3_urspug;0;0;0.39;0
2022-05-17 23:32:35.750415;t3_ursppc;12;0;0.76;12
2022-05-17 23:32:35.750415;t3_ursk83;10;0;0.87;10
2022-05-17 23:32:35.750415;t3_ursjgy;11;0;0.59;11
2022-05-17 23:32:35.750415;t3_urse7z;92;0;0.85;92
2022-05-17 23:32:35.750415;t3_ursaru;497;0;0.95;497
2022-05-17 23:32:35.750415;t3_urs7df;20;0;0.82;20
2022-05-17 23:32:35.750415;t3_urs5r5;28;0;0.93;28
2022-05-17 23:32:35.750415;t3_urs4bj;27;0;0.94;27
2022-05-17 23:32:35.750415;t3_urruiv;25;0;0.86;25
2022-05-17 23:32:35.750415;t3_urrt1u;2;0;0.56;2
2022-05-17 23:32:35.750415;t3_urro0d;20;0;0.77;20
2022-05-17 23:32:35.750415;t3_urrg3i;135;0;0.92;135
2022-05-17 23:32:35.750415;t3_urrby4;47;0;0.83;47
2022-05-17 23:32:35.750415;t3_urr59b;108;0;0.98;108
2022-05-17 23:32:35.750415;t3_urr0b2;16;0;1.0;16
2022-05-17 23:32:35.750415;t3_urqydz;20;0;0.8;20
2022-05-17 23:32:35.750415;t3_urqvr7;50;0;0.85;50
2022-05-17 23:32:35.750415;t3_urqq24;28;0;0.91;28
2022-05-17 23:32:35.750415;t3_urqok7;40;0;0.9;40
2022-05-17 23:32:35.750415;t3_urqn3m;58;0;0.91;58
2022-05-17 23:32:35.750415;t3_urql62;55;0;0.95;55
2022-05-17 23:32:35.750415;t3_urqi3m;862;0;0.97;862
2022-05-17 23:32:35.750415;t3_urqg9e;10;0;0.71;10
2022-05-17 23:32:35.750415;t3_urqg6a;12;0;0.81;12
2022-05-17 23:32:35.750415;t3_urqdl1;19;0;0.88;19
2022-05-17 23:32:35.750415;t3_urqcxg;16;0;0.83;16
2022-05-17 23:32:35.750415;t3_urq87p;118;0;0.94;118
2022-05-17 23:32:35.750415;t3_urq7i8;14;0;0.75;14
2022-05-17 23:32:35.750415;t3_urq4up;30;0;0.95;30
2022-05-17 23:32:35.750415;t3_urq4u3;48;0;0.94;48
2022-05-17 23:32:35.750415;t3_urpzyt;27;0;0.88;27
2022-05-17 23:32:35.750415;t3_urpy4m;27;0;0.91;27
2022-05-17 23:32:35.750415;t3_urpw0g;545;0;0.96;545
2022-05-17 23:32:35.750415;t3_urpuoq;29;0;0.86;29
2022-05-17 23:32:35.750415;t3_urpp2o;44;0;0.89;44
2022-05-17 23:32:35.750415;t3_urploq;101;0;0.96;101
2022-05-17 23:32:35.750415;t3_urpkwu;248;0;0.86;248
2022-05-17 23:32:35.750415;t3_urpjus;64;0;0.95;64
2022-05-17 23:32:35.750415;t3_urpg6k;19;0;1.0;19
2022-05-17 23:33:05.900235;t3_urws1i;7;0;0.89;7
2022-05-17 23:33:05.900235;t3_urwogp;13;0;1.0;13
2022-05-17 23:33:05.900235;t3_urwmgr;0;0;0.33;0
2022-05-17 23:33:05.900235;t3_urwmdl;6;0;0.88;6
2022-05-17 23:33:05.900235;t3_urwj0v;27;0;0.97;27
2022-05-17 23:33:05.900235;t3_urwiwj;6;0;0.88;6
2022-05-17 23:33:05.900235;t3_urwh6h;7;0;1.0;7
2022-05-17 23:33:05.900235;t3_urwe3k;7;0;0.89;7
2022-05-17 23:33:05.900235;t3_urwbtj;24;0;0.88;24
2022-05-17 23:33:05.900235;t3_urw8jz;8;0;0.75;8
2022-05-17 23:33:05.900235;t3_urw7p5;10;0;0.81;10
2022-05-17 23:33:05.900235;t3_urw7kt;28;0;0.89;28
2022-05-17 23:33:05.900235;t3_urw5uu;14;0;0.94;14
2022-05-17 23:33:05.900235;t3_urw4ow;56;0;0.92;56
2022-05-17 23:33:05.900235;t3_urw2pw;16;0;1.0;16
2022-05-17 23:33:05.900235;t3_urw09b;15;0;0.86;15
2022-05-17 23:33:05.900235;t3_urvtth;15;0;0.94;15
2022-05-17 23:33:05.900235;t3_urvtad;7;0;0.68;7
2022-05-17 23:33:05.900235;t3_urvsys;58;0;0.94;58
2022-05-17 23:33:05.900235;t3_urvhfk;10;0;0.63;10
2022-05-17 23:33:05.900235;t3_urvem2;16;0;1.0;16
2022-05-17 23:33:05.900235;t3_urve4r;33;0;1.0;33
2022-05-17 23:33:05.900235;t3_urvd6e;16;0;0.83;16
2022-05-17 23:33:05.900235;t3_urvb7l;8;0;0.72;8
2022-05-17 23:33:05.900235;t3_urv8uw;73;0;0.99;73
2022-05-17 23:33:05.900235;t3_urv3jo;26;0;0.97;26
2022-05-17 23:33:05.900235;t3_uruurc;35;0;0.87;35
2022-05-17 23:33:05.900235;t3_urut33;33;0;0.9;33
2022-05-17 23:33:05.900235;t3_uruqyp;17;0;0.87;17
2022-05-17 23:33:05.900235;t3_uruq6q;20;0;0.95;20
2022-05-17 23:33:05.900235;t3_urump2;7;0;0.67;7
2022-05-17 23:33:05.900235;t3_urulgk;22;0;0.9;22
2022-05-17 23:33:05.900235;t3_urujpi;159;0;0.98;159
2022-05-17 23:33:05.900235;t3_uruj2m;56;0;0.96;56
2022-05-17 23:33:05.900235;t3_uruhdi;19;0;0.83;19
2022-05-17 23:33:05.900235;t3_urug1a;3;0;0.62;3
2022-05-17 23:33:05.900235;t3_urueag;12;0;0.87;12
2022-05-17 23:33:05.900235;t3_uru3qf;64;0;0.84;64
2022-05-17 23:33:05.900235;t3_urtzrz;15;0;1.0;15
2022-05-17 23:33:05.900235;t3_urtymu;28;0;0.81;28
2022-05-17 23:33:05.900235;t3_urtuff;20;0;0.79;20
2022-05-17 23:33:05.900235;t3_urtteo;45;0;0.97;45
2022-05-17 23:33:05.900235;t3_urtry3;38;0;0.93;38
2022-05-17 23:33:05.900235;t3_urtrbx;9;0;0.72;9
2022-05-17 23:33:05.900235;t3_urtqo5;19;0;0.91;19
2022-05-17 23:33:05.900235;t3_urtm3i;97;0;0.96;97
2022-05-17 23:33:05.900235;t3_urtjgt;17;0;0.81;17
2022-05-17 23:33:05.900235;t3_urtgnj;10;0;0.78;10
2022-05-17 23:33:05.900235;t3_urtejm;105;0;0.94;105
2022-05-17 23:33:05.900235;t3_urt990;12;0;0.89;12
2022-05-17 23:33:05.900235;t3_urt8mm;17;0;0.83;17
2022-05-17 23:33:05.900235;t3_urt7ww;51;0;0.94;51
2022-05-17 23:33:05.900235;t3_urt59z;87;0;0.97;87
2022-05-17 23:33:05.900235;t3_urt4cu;18;0;0.88;18
2022-05-17 23:33:05.900235;t3_urt2o6;10;0;0.7;10
2022-05-17 23:33:05.900235;t3_ursz3i;76;0;0.93;76
2022-05-17 23:33:05.900235;t3_ursx7l;14;0;0.82;14
2022-05-17 23:33:05.900235;t3_urswjm;11;0;0.72;11
2022-05-17 23:33:05.900235;t3_ursuic;43;0;0.95;43
2022-05-17 23:33:05.900235;t3_urssjv;365;0;0.91;365
2022-05-17 23:33:05.900235;t3_urspug;0;0;0.39;0
2022-05-17 23:33:05.900235;t3_ursppc;11;0;0.75;11
2022-05-17 23:33:05.900235;t3_ursk83;11;0;0.88;11
2022-05-17 23:33:05.900235;t3_ursjgy;7;0;0.56;7
2022-05-17 23:33:05.900235;t3_urse7z;87;0;0.84;87
2022-05-17 23:33:05.900235;t3_ursaru;498;0;0.95;498
2022-05-17 23:33:05.900235;t3_urs7df;18;0;0.8;18
2022-05-17 23:33:05.900235;t3_urs5r5;29;0;0.95;29
2022-05-17 23:33:05.900235;t3_urs4bj;27;0;0.91;27
2022-05-17 23:33:05.900235;t3_urruiv;24;0;0.85;24
2022-05-17 23:33:05.900235;t3_urrt1u;2;0;0.56;2
2022-05-17 23:33:05.900235;t3_urro0d;18;0;0.75;18
2022-05-17 23:33:05.900235;t3_urrg3i;132;0;0.92;132
2022-05-17 23:33:05.900235;t3_urrby4;47;0;0.83;47
2022-05-17 23:33:05.900235;t3_urr59b;114;0;0.98;114
2022-05-17 23:33:05.900235;t3_urr0b2;16;0;0.95;16
2022-05-17 23:33:05.900235;t3_urqydz;21;0;0.8;21
2022-05-17 23:33:05.900235;t3_urqvr7;48;0;0.84;48
2022-05-17 23:33:05.900235;t3_urqq24;29;0;0.93;29
2022-05-17 23:33:05.900235;t3_urqok7;40;0;0.88;40
2022-05-17 23:33:05.900235;t3_urqn3m;58;0;0.91;58
2022-05-17 23:33:05.900235;t3_urql62;55;0;0.95;55
2022-05-17 23:33:05.900235;t3_urqi3m;866;0;0.97;866
2022-05-17 23:33:05.900235;t3_urqg9e;8;0;0.68;8
2022-05-17 23:33:05.900235;t3_urqg6a;12;0;0.88;12
2022-05-17 23:33:05.900235;t3_urqdl1;21;0;0.89;21
2022-05-17 23:33:05.900235;t3_urqcxg;16;0;0.81;16
2022-05-17 23:33:05.900235;t3_urq87p;116;0;0.94;116
2022-05-17 23:33:05.900235;t3_urq7i8;14;0;0.75;14
2022-05-17 23:33:05.900235;t3_urq4up;31;0;0.95;31
2022-05-17 23:33:05.900235;t3_urq4u3;51;0;0.95;51
2022-05-17 23:33:05.900235;t3_urpzyt;26;0;0.86;26
2022-05-17 23:33:05.900235;t3_urpy4m;25;0;0.9;25
2022-05-17 23:33:05.900235;t3_urpw0g;544;0;0.96;544
2022-05-17 23:33:05.900235;t3_urpuoq;32;0;0.89;32
2022-05-17 23:33:05.900235;t3_urpp2o;44;0;0.91;44
2022-05-17 23:33:05.900235;t3_urploq;98;0;0.96;98
2022-05-17 23:33:05.900235;t3_urpkwu;242;0;0.86;242
2022-05-17 23:33:05.900235;t3_urpjus;62;0;0.94;62
2022-05-17 23:33:05.900235;t3_urpg6k;19;0;0.96;19
2022-05-17 23:33:35.802352;t3_urws1i;7;0;0.89;7
2022-05-17 23:33:35.802352;t3_urwogp;13;0;1.0;13
2022-05-17 23:33:35.802352;t3_urwmgr;0;0;0.33;0
2022-05-17 23:33:35.802352;t3_urwmdl;6;0;0.88;6
2022-05-17 23:33:35.802352;t3_urwj0v;27;0;0.97;27
2022-05-17 23:33:35.802352;t3_urwiwj;6;0;0.88;6
2022-05-17 23:33:35.802352;t3_urwh6h;7;0;1.0;7
2022-05-17 23:33:35.802352;t3_urwe3k;7;0;0.89;7
2022-05-17 23:33:35.802352;t3_urwbtj;24;0;0.88;24
2022-05-17 23:33:35.802352;t3_urw8jz;8;0;0.75;8
2022-05-17 23:33:35.802352;t3_urw7p5;9;0;0.77;9
2022-05-17 23:33:35.802352;t3_urw7kt;31;0;0.9;31
2022-05-17 23:33:35.802352;t3_urw5uu;14;0;0.94;14
2022-05-17 23:33:35.802352;t3_urw4ow;55;0;0.92;55
2022-05-17 23:33:35.802352;t3_urw2pw;16;0;1.0;16
2022-05-17 23:33:35.802352;t3_urw09b;16;0;0.9;16
2022-05-17 23:33:35.802352;t3_urvtth;15;0;0.94;15
2022-05-17 23:33:35.802352;t3_urvtad;7;0;0.68;7
2022-05-17 23:33:35.802352;t3_urvsys;57;0;0.94;57
2022-05-17 23:33:35.802352;t3_urvhfk;11;0;0.65;11
2022-05-17 23:33:35.802352;t3_urvem2;16;0;1.0;16
2022-05-17 23:33:35.802352;t3_urve4r;33;0;0.98;33
2022-05-17 23:33:35.802352;t3_urvd6e;16;0;0.83;16
2022-05-17 23:33:35.802352;t3_urvb7l;8;0;0.72;8
2022-05-17 23:33:35.802352;t3_urv8uw;71;0;0.99;71
2022-05-17 23:33:35.802352;t3_urv3jo;27;0;1.0;27
2022-05-17 23:33:35.802352;t3_uruurc;34;0;0.88;34
2022-05-17 23:33:35.802352;t3_urut33;32;0;0.88;32
2022-05-17 23:33:35.802352;t3_uruqyp;18;0;0.87;18
2022-05-17 23:33:35.802352;t3_uruq6q;20;0;0.95;20
2022-05-17 23:33:35.802352;t3_urump2;7;0;0.67;7
2022-05-17 23:33:35.802352;t3_urulgk;21;0;0.88;21
2022-05-17 23:33:35.802352;t3_urujpi;161;0;0.98;161
2022-05-17 23:33:35.802352;t3_uruj2m;57;0;0.96;57
2022-05-17 23:33:35.802352;t3_uruhdi;18;0;0.83;18
2022-05-17 23:33:35.802352;t3_urug1a;4;0;0.67;4
2022-05-17 23:33:35.802352;t3_urueag;13;0;0.87;13
2022-05-17 23:33:35.802352;t3_uru3qf;63;0;0.84;63
2022-05-17 23:33:35.802352;t3_urtzrz;13;0;0.94;13
2022-05-17 23:33:35.802352;t3_urtymu;29;0;0.82;29
2022-05-17 23:33:35.802352;t3_urtuff;21;0;0.8;21
2022-05-17 23:33:35.802352;t3_urtteo;43;0;0.96;43
2022-05-17 23:33:35.802352;t3_urtry3;38;0;0.93;38
2022-05-17 23:33:35.802352;t3_urtrbx;10;0;0.75;10
2022-05-17 23:33:35.802352;t3_urtqo5;18;0;0.88;18
2022-05-17 23:33:35.802352;t3_urtm3i;98;0;0.96;98
2022-05-17 23:33:35.802352;t3_urtjgt;16;0;0.81;16
2022-05-17 23:33:35.802352;t3_urtgnj;10;0;0.78;10
2022-05-17 23:33:35.802352;t3_urtejm;107;0;0.94;107
2022-05-17 23:33:35.802352;t3_urt990;14;0;0.9;14
2022-05-17 23:33:35.802352;t3_urt8mm;20;0;0.88;20
2022-05-17 23:33:35.802352;t3_urt7ww;50;0;0.93;50
2022-05-17 23:33:35.802352;t3_urt59z;83;0;0.97;83
2022-05-17 23:33:35.802352;t3_urt4cu;17;0;0.85;17
2022-05-17 23:33:35.802352;t3_urt2o6;9;0;0.67;9
2022-05-17 23:33:35.802352;t3_ursz3i;72;0;0.93;72
2022-05-17 23:33:35.802352;t3_ursx7l;15;0;0.81;15
2022-05-17 23:33:35.802352;t3_urswjm;11;0;0.74;11
2022-05-17 23:33:35.802352;t3_ursuic;43;0;0.96;43
2022-05-17 23:33:35.802352;t3_urssjv;366;0;0.91;366
2022-05-17 23:33:35.802352;t3_urspug;0;0;0.39;0
2022-05-17 23:33:35.802352;t3_ursppc;13;0;0.79;13
2022-05-17 23:33:35.802352;t3_ursk83;10;0;0.87;10
2022-05-17 23:33:35.802352;t3_ursjgy;9;0;0.57;9
2022-05-17 23:33:35.802352;t3_urse7z;91;0;0.85;91
2022-05-17 23:33:35.802352;t3_ursaru;500;0;0.95;500
2022-05-17 23:33:35.802352;t3_urs7df;18;0;0.78;18
2022-05-17 23:33:35.802352;t3_urs5r5;28;0;0.91;28
2022-05-17 23:33:35.802352;t3_urs4bj;28;0;0.95;28
2022-05-17 23:33:35.802352;t3_urruiv;24;0;0.85;24
2022-05-17 23:33:35.802352;t3_urrt1u;3;0;0.59;3
2022-05-17 23:33:35.802352;t3_urro0d;19;0;0.75;19
2022-05-17 23:33:35.802352;t3_urrg3i;132;0;0.92;132
2022-05-17 23:33:35.802352;t3_urrby4;44;0;0.82;44
2022-05-17 23:33:35.802352;t3_urr59b;111;0;0.98;111
2022-05-17 23:33:35.802352;t3_urr0b2;16;0;0.95;16
2022-05-17 23:33:35.802352;t3_urqydz;21;0;0.82;21
2022-05-17 23:33:35.802352;t3_urqvr7;47;0;0.85;47
2022-05-17 23:33:35.802352;t3_urqq24;27;0;0.91;27
2022-05-17 23:33:35.802352;t3_urqok7;42;0;0.89;42
2022-05-17 23:33:35.802352;t3_urqn3m;64;0;0.92;64
2022-05-17 23:33:35.802352;t3_urql62;56;0;0.96;56
2022-05-17 23:33:35.802352;t3_urqi3m;871;0;0.97;871
2022-05-17 23:33:35.802352;t3_urqg9e;10;0;0.73;10
2022-05-17 23:33:35.802352;t3_urqg6a;14;0;0.89;14
2022-05-17 23:33:35.802352;t3_urqdl1;20;0;0.86;20
2022-05-17 23:33:35.802352;t3_urqcxg;16;0;0.83;16
2022-05-17 23:33:35.802352;t3_urq87p;120;0;0.94;120
2022-05-17 23:33:35.802352;t3_urq7i8;14;0;0.77;14
2022-05-17 23:33:35.802352;t3_urq4up;32;0;0.97;32
2022-05-17 23:33:35.802352;t3_urq4u3;50;0;0.95;50
2022-05-17 23:33:35.802352;t3_urpzyt;26;0;0.87;26
2022-05-17 23:33:35.802352;t3_urpy4m;26;0;0.89;26
2022-05-17 23:33:35.802352;t3_urpw0g;551;0;0.96;551
2022-05-17 23:33:35.802352;t3_urpuoq;32;0;0.92;32
2022-05-17 23:33:35.802352;t3_urpp2o;45;0;0.9;45
2022-05-17 23:33:35.802352;t3_urploq;98;0;0.95;98
2022-05-17 23:33:35.802352;t3_urpkwu;248;0;0.86;248
2022-05-17 23:33:35.802352;t3_urpjus;67;0;0.96;67
2022-05-17 23:33:35.802352;t3_urpg6k;19;0;0.96;19
2022-05-17 23:34:08.103553;t3_urws1i;8;0;0.9;8
2022-05-17 23:34:08.103553;t3_urwogp;13;0;1.0;13
2022-05-17 23:34:08.103553;t3_urwmgr;0;0;0.33;0
2022-05-17 23:34:08.103553;t3_urwmdl;6;0;0.88;6
2022-05-17 23:34:08.103553;t3_urwj0v;28;0;0.97;28
2022-05-17 23:34:08.103553;t3_urwiwj;6;0;0.88;6
2022-05-17 23:34:08.103553;t3_urwh6h;7;0;1.0;7
2022-05-17 23:34:08.103553;t3_urwe3k;7;0;0.89;7
2022-05-17 23:34:08.103553;t3_urwbtj;24;0;0.88;24
2022-05-17 23:34:08.103553;t3_urw8jz;7;0;0.71;7
2022-05-17 23:34:08.103553;t3_urw7p5;9;0;0.77;9
2022-05-17 23:34:08.103553;t3_urw7kt;31;0;0.87;31
2022-05-17 23:34:08.103553;t3_urw5uu;14;0;0.94;14
2022-05-17 23:34:08.103553;t3_urw4ow;56;0;0.92;56
2022-05-17 23:34:08.103553;t3_urw2pw;16;0;1.0;16
2022-05-17 23:34:08.103553;t3_urw09b;16;0;0.9;16
2022-05-17 23:34:08.103553;t3_urvtth;15;0;0.94;15
2022-05-17 23:34:08.103553;t3_urvtad;7;0;0.68;7
2022-05-17 23:34:08.103553;t3_urvsys;56;0;0.93;56
2022-05-17 23:34:08.103553;t3_urvhfk;11;0;0.65;11
2022-05-17 23:34:08.103553;t3_urvem2;16;0;1.0;16
2022-05-17 23:34:08.103553;t3_urve4r;35;0;1.0;35
2022-05-17 23:34:08.103553;t3_urvd6e;16;0;0.83;16
2022-05-17 23:34:08.103553;t3_urvb7l;8;0;0.72;8
2022-05-17 23:34:08.103553;t3_urv8uw;72;0;0.98;72
2022-05-17 23:34:08.103553;t3_urv3jo;27;0;1.0;27
2022-05-17 23:34:08.103553;t3_uruurc;37;0;0.88;37
2022-05-17 23:34:08.103553;t3_urut33;32;0;0.88;32
2022-05-17 23:34:08.103553;t3_uruqyp;17;0;0.87;17
2022-05-17 23:34:08.103553;t3_uruq6q;19;0;0.92;19
2022-05-17 23:34:08.103553;t3_urump2;8;0;0.7;8
2022-05-17 23:34:08.103553;t3_urulgk;22;0;0.9;22
2022-05-17 23:34:08.103553;t3_urujpi;160;0;0.98;160
2022-05-17 23:34:08.103553;t3_uruj2m;57;0;0.96;57
2022-05-17 23:34:08.103553;t3_uruhdi;20;0;0.84;20
2022-05-17 23:34:08.103553;t3_urug1a;3;0;0.62;3
2022-05-17 23:34:08.103553;t3_urueag;12;0;0.83;12
2022-05-17 23:34:08.103553;t3_uru3qf;61;0;0.83;61
2022-05-17 23:34:08.103553;t3_urtzrz;14;0;1.0;14
2022-05-17 23:34:08.103553;t3_urtymu;29;0;0.82;29
2022-05-17 23:34:08.103553;t3_urtuff;20;0;0.8;20
2022-05-17 23:34:08.103553;t3_urtteo;43;0;0.97;43
2022-05-17 23:34:08.103553;t3_urtry3;38;0;0.92;38
2022-05-17 23:34:08.103553;t3_urtrbx;10;0;0.75;10
2022-05-17 23:34:08.103553;t3_urtqo5;18;0;0.91;18
2022-05-17 23:34:08.103553;t3_urtm3i;97;0;0.96;97
2022-05-17 23:34:08.103553;t3_urtjgt;16;0;0.79;16
2022-05-17 23:34:08.103553;t3_urtgnj;10;0;0.78;10
2022-05-17 23:34:08.103553;t3_urtejm;107;0;0.94;107
2022-05-17 23:34:08.103553;t3_urt990;13;0;0.94;13
2022-05-17 23:34:08.103553;t3_urt8mm;19;0;0.88;19
2022-05-17 23:34:08.103553;t3_urt7ww;48;0;0.92;48
2022-05-17 23:34:08.103553;t3_urt59z;86;0;0.97;86
2022-05-17 23:34:08.103553;t3_urt4cu;18;0;0.86;18
2022-05-17 23:34:08.103553;t3_urt2o6;11;0;0.71;11
2022-05-17 23:34:08.103553;t3_ursz3i;73;0;0.93;73
2022-05-17 23:34:08.103553;t3_ursx7l;14;0;0.8;14
2022-05-17 23:34:08.103553;t3_urswjm;10;0;0.71;10
2022-05-17 23:34:08.103553;t3_ursuic;43;0;0.95;43
2022-05-17 23:34:08.103553;t3_urssjv;368;0;0.91;368
2022-05-17 23:34:08.103553;t3_urspug;0;0;0.39;0
2022-05-17 23:34:08.103553;t3_ursppc;12;0;0.76;12
2022-05-17 23:34:08.103553;t3_ursk83;11;0;0.93;11
2022-05-17 23:34:08.103553;t3_ursjgy;12;0;0.6;12
2022-05-17 23:34:08.103553;t3_urse7z;93;0;0.85;93
2022-05-17 23:34:08.103553;t3_ursaru;506;0;0.95;506
2022-05-17 23:34:08.103553;t3_urs7df;17;0;0.78;17
2022-05-17 23:34:08.103553;t3_urs5r5;29;0;0.93;29
2022-05-17 23:34:08.103553;t3_urs4bj;27;0;0.92;27
2022-05-17 23:34:08.103553;t3_urruiv;24;0;0.85;24
2022-05-17 23:34:08.103553;t3_urrt1u;2;0;0.56;2
2022-05-17 23:34:08.103553;t3_urro0d;18;0;0.75;18
2022-05-17 23:34:08.103553;t3_urrg3i;131;0;0.92;131
2022-05-17 23:34:08.103553;t3_urrby4;46;0;0.82;46
2022-05-17 23:34:08.103553;t3_urr59b;111;0;0.98;111
2022-05-17 23:34:08.103553;t3_urr0b2;16;0;1.0;16
2022-05-17 23:34:08.103553;t3_urqydz;21;0;0.82;21
2022-05-17 23:34:08.103553;t3_urqvr7;46;0;0.84;46
2022-05-17 23:34:08.103553;t3_urqq24;28;0;0.9;28
2022-05-17 23:34:08.103553;t3_urqok7;39;0;0.9;39
2022-05-17 23:34:08.103553;t3_urqn3m;64;0;0.92;64
2022-05-17 23:34:08.103553;t3_urql62;58;0;0.96;58
2022-05-17 23:34:08.103553;t3_urqi3m;874;0;0.97;874
2022-05-17 23:34:08.103553;t3_urqg9e;8;0;0.68;8
2022-05-17 23:34:08.103553;t3_urqg6a;14;0;0.89;14
2022-05-17 23:34:08.103553;t3_urqdl1;20;0;0.88;20
2022-05-17 23:34:08.103553;t3_urqcxg;16;0;0.83;16
2022-05-17 23:34:08.103553;t3_urq87p;117;0;0.94;117
2022-05-17 23:34:08.103553;t3_urq7i8;14;0;0.73;14
2022-05-17 23:34:08.103553;t3_urq4up;32;0;0.97;32
2022-05-17 23:34:08.103553;t3_urq4u3;48;0;0.93;48
2022-05-17 23:34:08.103553;t3_urpzyt;27;0;0.88;27
2022-05-17 23:34:08.103553;t3_urpy4m;27;0;0.91;27
2022-05-17 23:34:08.103553;t3_urpw0g;553;0;0.96;553
2022-05-17 23:34:08.103553;t3_urpuoq;31;0;0.88;31
2022-05-17 23:34:08.103553;t3_urpp2o;42;0;0.9;42
2022-05-17 23:34:08.103553;t3_urploq;98;0;0.95;98
2022-05-17 23:34:08.103553;t3_urpkwu;246;0;0.86;246
2022-05-17 23:34:08.103553;t3_urpjus;60;0;0.95;60
2022-05-17 23:34:08.103553;t3_urpg6k;20;0;0.96;20
2022-05-17 23:34:33.382318;t3_urws1i;8;0;0.9;8
2022-05-17 23:34:33.382318;t3_urwogp;13;0;1.0;13
2022-05-17 23:34:33.382318;t3_urwmgr;0;0;0.33;0
2022-05-17 23:34:33.382318;t3_urwmdl;6;0;0.88;6
2022-05-17 23:34:33.382318;t3_urwj0v;28;0;0.97;28
2022-05-17 23:34:33.382318;t3_urwiwj;6;0;0.88;6
2022-05-17 23:34:33.382318;t3_urwh6h;7;0;1.0;7
2022-05-17 23:34:33.382318;t3_urwe3k;7;0;0.89;7
2022-05-17 23:34:33.382318;t3_urwbtj;23;0;0.85;23
2022-05-17 23:34:33.382318;t3_urw8jz;7;0;0.71;7
2022-05-17 23:34:33.382318;t3_urw7p5;10;0;0.81;10
2022-05-17 23:34:33.382318;t3_urw7kt;30;0;0.86;30
2022-05-17 23:34:33.382318;t3_urw5uu;14;0;0.94;14
2022-05-17 23:34:33.382318;t3_urw4ow;57;0;0.92;57
2022-05-17 23:34:33.382318;t3_urw2pw;16;0;1.0;16
2022-05-17 23:34:33.382318;t3_urw09b;15;0;0.89;15
2022-05-17 23:34:33.382318;t3_urvtth;15;0;0.94;15
2022-05-17 23:34:33.382318;t3_urvtad;7;0;0.68;7
2022-05-17 23:34:33.382318;t3_urvsys;57;0;0.94;57
2022-05-17 23:34:33.382318;t3_urvhfk;10;0;0.63;10
2022-05-17 23:34:33.382318;t3_urvem2;17;0;1.0;17
2022-05-17 23:34:33.382318;t3_urve4r;35;0;1.0;35
2022-05-17 23:34:33.382318;t3_urvd6e;16;0;0.83;16
2022-05-17 23:34:33.382318;t3_urvb7l;9;0;0.74;9
2022-05-17 23:34:33.382318;t3_urv8uw;73;0;0.99;73
2022-05-17 23:34:33.382318;t3_urv3jo;27;0;1.0;27
2022-05-17 23:34:33.382318;t3_uruurc;38;0;0.89;38
2022-05-17 23:34:33.382318;t3_urut33;32;0;0.88;32
2022-05-17 23:34:33.382318;t3_uruqyp;16;0;0.84;16
2022-05-17 23:34:33.382318;t3_uruq6q;20;0;0.92;20
2022-05-17 23:34:33.382318;t3_urump2;7;0;0.67;7
2022-05-17 23:34:33.382318;t3_urulgk;21;0;0.88;21
2022-05-17 23:34:33.382318;t3_urujpi;165;0;0.98;165
2022-05-17 23:34:33.382318;t3_uruj2m;59;0;0.97;59
2022-05-17 23:34:33.382318;t3_uruhdi;20;0;0.84;20
2022-05-17 23:34:33.382318;t3_urug1a;5;0;0.69;5
2022-05-17 23:34:33.382318;t3_urueag;10;0;0.78;10
2022-05-17 23:34:33.382318;t3_uru3qf;64;0;0.83;64
2022-05-17 23:34:33.382318;t3_urtzrz;13;0;0.94;13
2022-05-17 23:34:33.382318;t3_urtymu;28;0;0.81;28
2022-05-17 23:34:33.382318;t3_urtuff;18;0;0.77;18
2022-05-17 23:34:33.382318;t3_urtteo;42;0;0.95;42
2022-05-17 23:34:33.382318;t3_urtry3;38;0;0.92;38
2022-05-17 23:34:33.382318;t3_urtrbx;9;0;0.72;9
2022-05-17 23:34:33.382318;t3_urtqo5;18;0;0.91;18
2022-05-17 23:34:33.382318;t3_urtm3i;96;0;0.96;96
2022-05-17 23:34:33.382318;t3_urtjgt;16;0;0.81;16
2022-05-17 23:34:33.382318;t3_urtgnj;9;0;0.77;9
2022-05-17 23:34:33.382318;t3_urtejm;104;0;0.94;104
2022-05-17 23:34:33.382318;t3_urt990;15;0;1.0;15
2022-05-17 23:34:33.382318;t3_urt8mm;19;0;0.86;19
2022-05-17 23:34:33.382318;t3_urt7ww;50;0;0.92;50
2022-05-17 23:34:33.382318;t3_urt59z;87;0;0.97;87
2022-05-17 23:34:33.382318;t3_urt4cu;17;0;0.85;17
2022-05-17 23:34:33.382318;t3_urt2o6;10;0;0.68;10
2022-05-17 23:34:33.382318;t3_ursz3i;75;0;0.93;75
2022-05-17 23:34:33.382318;t3_ursx7l;13;0;0.79;13
2022-05-17 23:34:33.382318;t3_urswjm;11;0;0.72;11
2022-05-17 23:34:33.382318;t3_ursuic;43;0;0.94;43
2022-05-17 23:34:33.382318;t3_urssjv;367;0;0.92;367
2022-05-17 23:34:33.382318;t3_urspug;0;0;0.41;0
2022-05-17 23:34:33.382318;t3_ursppc;12;0;0.76;12
2022-05-17 23:34:33.382318;t3_ursk83;10;0;0.87;10
2022-05-17 23:34:33.382318;t3_ursjgy;9;0;0.57;9
2022-05-17 23:34:33.382318;t3_urse7z;89;0;0.85;89
2022-05-17 23:34:33.382318;t3_ursaru;503;0;0.95;503
2022-05-17 23:34:33.382318;t3_urs7df;17;0;0.77;17
2022-05-17 23:34:33.382318;t3_urs5r5;28;0;0.91;28
2022-05-17 23:34:33.382318;t3_urs4bj;28;0;0.93;28
2022-05-17 23:34:33.382318;t3_urruiv;25;0;0.86;25
2022-05-17 23:34:33.382318;t3_urrt1u;2;0;0.56;2
2022-05-17 23:34:33.382318;t3_urro0d;17;0;0.74;17
2022-05-17 23:34:33.382318;t3_urrg3i;132;0;0.92;132
2022-05-17 23:34:33.382318;t3_urrby4;41;0;0.81;41
2022-05-17 23:34:33.382318;t3_urr59b;107;0;0.98;107
2022-05-17 23:34:33.382318;t3_urr0b2;16;0;0.95;16
2022-05-17 23:34:33.382318;t3_urqydz;22;0;0.82;22
2022-05-17 23:34:33.382318;t3_urqvr7;45;0;0.84;45
2022-05-17 23:34:33.382318;t3_urqq24;28;0;0.9;28
2022-05-17 23:34:33.382318;t3_urqok7;42;0;0.91;42
2022-05-17 23:34:33.382318;t3_urqn3m;61;0;0.92;61
2022-05-17 23:34:33.382318;t3_urql62;56;0;0.95;56
2022-05-17 23:34:33.382318;t3_urqi3m;883;0;0.97;883
2022-05-17 23:34:33.382318;t3_urqg9e;11;0;0.73;11
2022-05-17 23:34:33.382318;t3_urqg6a;14;0;0.89;14
2022-05-17 23:34:33.382318;t3_urqdl1;20;0;0.88;20
2022-05-17 23:34:33.382318;t3_urqcxg;16;0;0.83;16
2022-05-17 23:34:33.382318;t3_urq87p;116;0;0.94;116
2022-05-17 23:34:33.382318;t3_urq7i8;12;0;0.72;12
2022-05-17 23:34:33.382318;t3_urq4up;32;0;0.95;32
2022-05-17 23:34:33.382318;t3_urq4u3;47;0;0.94;47
2022-05-17 23:34:33.382318;t3_urpzyt;25;0;0.86;25
2022-05-17 23:34:33.382318;t3_urpy4m;25;0;0.9;25
2022-05-17 23:34:33.382318;t3_urpw0g;553;0;0.96;553
2022-05-17 23:34:33.382318;t3_urpuoq;30;0;0.88;30
2022-05-17 23:34:33.382318;t3_urpp2o;41;0;0.88;41
2022-05-17 23:34:33.382318;t3_urploq;99;0;0.96;99
2022-05-17 23:34:33.382318;t3_urpkwu;248;0;0.86;248
2022-05-17 23:34:33.382318;t3_urpjus;64;0;0.96;64
2022-05-17 23:34:33.382318;t3_urpg6k;20;0;1.0;20
2022-05-17 23:35:01.980045;t3_urws1i;8;0;0.9;8
2022-05-17 23:35:01.980045;t3_urwogp;14;0;1.0;14
2022-05-17 23:35:01.980045;t3_urwmgr;0;0;0.33;0
2022-05-17 23:35:01.980045;t3_urwmdl;6;0;0.88;6
2022-05-17 23:35:01.980045;t3_urwj0v;28;0;0.97;28
2022-05-17 23:35:01.980045;t3_urwiwj;6;0;0.88;6
2022-05-17 23:35:01.980045;t3_urwh6h;7;0;1.0;7
2022-05-17 23:35:01.980045;t3_urwe3k;7;0;0.89;7
2022-05-17 23:35:01.980045;t3_urwbtj;23;0;0.85;23
2022-05-17 23:35:01.980045;t3_urw8jz;7;0;0.71;7
2022-05-17 23:35:01.980045;t3_urw7p5;9;0;0.77;9
2022-05-17 23:35:01.980045;t3_urw7kt;32;0;0.88;32
2022-05-17 23:35:01.980045;t3_urw5uu;14;0;0.94;14
2022-05-17 23:35:01.980045;t3_urw4ow;59;0;0.93;59
2022-05-17 23:35:01.980045;t3_urw2pw;16;0;1.0;16
2022-05-17 23:35:01.980045;t3_urw09b;16;0;0.9;16
2022-05-17 23:35:01.980045;t3_urvtth;15;0;0.94;15
2022-05-17 23:35:01.980045;t3_urvtad;7;0;0.68;7
2022-05-17 23:35:01.980045;t3_urvsys;56;0;0.93;56
2022-05-17 23:35:01.980045;t3_urvhfk;11;0;0.65;11
2022-05-17 23:35:01.980045;t3_urvem2;17;0;1.0;17
2022-05-17 23:35:01.980045;t3_urve4r;34;0;1.0;34
2022-05-17 23:35:01.980045;t3_urvd6e;16;0;0.83;16
2022-05-17 23:35:01.980045;t3_urvb7l;9;0;0.74;9
2022-05-17 23:35:01.980045;t3_urv8uw;74;0;0.99;74
2022-05-17 23:35:01.980045;t3_urv3jo;27;0;1.0;27
2022-05-17 23:35:01.980045;t3_uruurc;38;0;0.89;38
2022-05-17 23:35:01.980045;t3_urut33;34;0;0.9;34
2022-05-17 23:35:01.980045;t3_uruqyp;16;0;0.84;16
2022-05-17 23:35:01.980045;t3_uruq6q;20;0;0.95;20
2022-05-17 23:35:01.980045;t3_urump2;6;0;0.65;6
2022-05-17 23:35:01.980045;t3_urulgk;22;0;0.9;22
2022-05-17 23:35:01.980045;t3_urujpi;164;0;0.98;164
2022-05-17 23:35:01.980045;t3_uruj2m;57;0;0.96;57
2022-05-17 23:35:01.980045;t3_uruhdi;20;0;0.84;20
2022-05-17 23:35:01.980045;t3_urug1a;4;0;0.67;4
2022-05-17 23:35:01.980045;t3_urueag;13;0;0.87;13
2022-05-17 23:35:01.980045;t3_uru3qf;66;0;0.83;66
2022-05-17 23:35:01.980045;t3_urtzrz;13;0;0.94;13
2022-05-17 23:35:01.980045;t3_urtymu;29;0;0.81;29
2022-05-17 23:35:01.980045;t3_urtuff;19;0;0.78;19
2022-05-17 23:35:01.980045;t3_urtteo;42;0;0.94;42
2022-05-17 23:35:01.980045;t3_urtry3;39;0;0.93;39
2022-05-17 23:35:01.980045;t3_urtrbx;9;0;0.74;9
2022-05-17 23:35:01.980045;t3_urtqo5;18;0;0.91;18
2022-05-17 23:35:01.980045;t3_urtm3i;96;0;0.96;96
2022-05-17 23:35:01.980045;t3_urtjgt;16;0;0.81;16
2022-05-17 23:35:01.980045;t3_urtgnj;10;0;0.78;10
2022-05-17 23:35:01.980045;t3_urtejm;106;0;0.94;106
2022-05-17 23:35:01.980045;t3_urt990;15;0;0.95;15
2022-05-17 23:35:01.980045;t3_urt8mm;19;0;0.86;19
2022-05-17 23:35:01.980045;t3_urt7ww;49;0;0.94;49
2022-05-17 23:35:01.980045;t3_urt59z;84;0;0.97;84
2022-05-17 23:35:01.980045;t3_urt4cu;17;0;0.85;17
2022-05-17 23:35:01.980045;t3_urt2o6;10;0;0.7;10
2022-05-17 23:35:01.980045;t3_ursz3i;72;0;0.93;72
2022-05-17 23:35:01.980045;t3_ursx7l;15;0;0.81;15
2022-05-17 23:35:01.980045;t3_urswjm;11;0;0.72;11
2022-05-17 23:35:01.980045;t3_ursuic;42;0;0.93;42
2022-05-17 23:35:01.980045;t3_urssjv;369;0;0.92;369
2022-05-17 23:35:01.980045;t3_urspug;0;0;0.38;0
2022-05-17 23:35:01.980045;t3_ursppc;11;0;0.75;11
2022-05-17 23:35:01.980045;t3_ursk83;11;0;0.88;11
2022-05-17 23:35:01.980045;t3_ursjgy;9;0;0.57;9
2022-05-17 23:35:01.980045;t3_urse7z;90;0;0.85;90
2022-05-17 23:35:01.980045;t3_ursaru;510;0;0.95;510
2022-05-17 23:35:01.980045;t3_urs7df;17;0;0.77;17
2022-05-17 23:35:01.980045;t3_urs5r5;28;0;0.91;28
2022-05-17 23:35:01.980045;t3_urs4bj;27;0;0.94;27
2022-05-17 23:35:01.980045;t3_urruiv;26;0;0.86;26
2022-05-17 23:35:01.980045;t3_urrt1u;2;0;0.56;2
2022-05-17 23:35:01.980045;t3_urro0d;18;0;0.75;18
2022-05-17 23:35:01.980045;t3_urrg3i;135;0;0.92;135
2022-05-17 23:35:01.980045;t3_urrby4;46;0;0.82;46
2022-05-17 23:35:01.980045;t3_urr59b;111;0;0.98;111
2022-05-17 23:35:01.980045;t3_urr0b2;16;0;1.0;16
2022-05-17 23:35:01.980045;t3_urqydz;22;0;0.82;22
2022-05-17 23:35:01.980045;t3_urqvr7;46;0;0.84;46
2022-05-17 23:35:01.980045;t3_urqq24;28;0;0.91;28
2022-05-17 23:35:01.980045;t3_urqok7;39;0;0.88;39
2022-05-17 23:35:01.980045;t3_urqn3m;62;0;0.92;62
2022-05-17 23:35:01.980045;t3_urql62;56;0;0.96;56
2022-05-17 23:35:01.980045;t3_urqi3m;883;0;0.98;883
2022-05-17 23:35:01.980045;t3_urqg9e;8;0;0.68;8
2022-05-17 23:35:01.980045;t3_urqg6a;11;0;0.83;11
2022-05-17 23:35:01.980045;t3_urqdl1;18;0;0.83;18
2022-05-17 23:35:01.980045;t3_urqcxg;16;0;0.83;16
2022-05-17 23:35:01.980045;t3_urq87p;118;0;0.94;118
2022-05-17 23:35:01.980045;t3_urq7i8;15;0;0.77;15
2022-05-17 23:35:01.980045;t3_urq4up;32;0;0.97;32
2022-05-17 23:35:01.980045;t3_urq4u3;45;0;0.92;45
2022-05-17 23:35:01.980045;t3_urpzyt;26;0;0.86;26
2022-05-17 23:35:01.980045;t3_urpy4m;26;0;0.89;26
2022-05-17 23:35:01.980045;t3_urpw0g;556;0;0.96;556
2022-05-17 23:35:01.980045;t3_urpuoq;33;0;0.88;33
2022-05-17 23:35:01.980045;t3_urpp2o;46;0;0.91;46
2022-05-17 23:35:01.980045;t3_urploq;104;0;0.96;104
2022-05-17 23:35:01.980045;t3_urpkwu;251;0;0.86;251
2022-05-17 23:35:01.980045;t3_urpjus;62;0;0.95;62
2022-05-17 23:35:01.980045;t3_urpg6k;21;0;1.0;21
2022-05-17 23:35:37.216674;t3_urws1i;8;0;0.9;8
2022-05-17 23:35:37.216674;t3_urwogp;14;0;1.0;14
2022-05-17 23:35:37.216674;t3_urwmgr;0;0;0.33;0
2022-05-17 23:35:37.216674;t3_urwmdl;6;0;0.88;6
2022-05-17 23:35:37.216674;t3_urwj0v;28;0;0.97;28
2022-05-17 23:35:37.216674;t3_urwiwj;6;0;0.88;6
2022-05-17 23:35:37.216674;t3_urwh6h;7;0;1.0;7
2022-05-17 23:35:37.216674;t3_urwe3k;8;0;0.9;8
2022-05-17 23:35:37.216674;t3_urwbtj;23;0;0.85;23
2022-05-17 23:35:37.216674;t3_urw8jz;8;0;0.75;8
2022-05-17 23:35:37.216674;t3_urw7p5;10;0;0.81;10
2022-05-17 23:35:37.216674;t3_urw7kt;31;0;0.87;31
2022-05-17 23:35:37.216674;t3_urw5uu;13;0;0.89;13
2022-05-17 23:35:37.216674;t3_urw4ow;61;0;0.93;61
2022-05-17 23:35:37.216674;t3_urw2pw;16;0;1.0;16
2022-05-17 23:35:37.216674;t3_urw09b;14;0;0.86;14
2022-05-17 23:35:37.216674;t3_urvtth;15;0;0.94;15
